"","Year","State","avg_AQI"
"1",1980,"Alabama",45
"2",1980,"Alaska",35
"3",1980,"Arizona",78.125
"4",1980,"Arkansas",26
"5",1980,"California",54.6829268292683
"6",1980,"Colorado",44.4
"7",1980,"Connecticut",67.3333333333333
"8",1980,"Delaware",40.6666666666667
"9",1980,"District Of Columbia",69
"10",1980,"Florida",38.7777777777778
"11",1980,"Georgia",25.2222222222222
"12",1980,"Hawaii",18
"13",1980,"Idaho",85.25
"14",1980,"Illinois",46.85
"15",1980,"Indiana",60.95
"16",1980,"Iowa",33.8571428571429
"17",1980,"Kansas",39
"18",1980,"Kentucky",55.6153846153846
"19",1980,"Louisiana",28.5714285714286
"20",1980,"Maine",50
"21",1980,"Maryland",48.5454545454545
"22",1980,"Massachusetts",51.3333333333333
"23",1980,"Michigan",46.5
"24",1980,"Minnesota",42.1
"25",1980,"Mississippi",24.75
"26",1980,"Missouri",67.2857142857143
"27",1980,"Montana",50.8333333333333
"28",1980,"Nebraska",47.5
"29",1980,"Nevada",71
"30",1980,"New Hampshire",65.5
"31",1980,"New Jersey",57.25
"32",1980,"New Mexico",44.75
"33",1980,"New York",63.0526315789474
"34",1980,"North Carolina",52.7777777777778
"35",1980,"North Dakota",20
"36",1980,"Ohio",51.72
"37",1980,"Oklahoma",51.6666666666667
"38",1980,"Oregon",43.5714285714286
"39",1980,"Pennsylvania",62.3333333333333
"40",1980,"Puerto Rico",22
"41",1980,"Rhode Island",57.5
"42",1980,"South Carolina",41.2
"43",1980,"Tennessee",61.0833333333333
"44",1980,"Texas",47.375
"45",1980,"Utah",44.1428571428571
"46",1980,"Vermont",25
"47",1980,"Virginia",48.0769230769231
"48",1980,"Washington",53.125
"49",1980,"West Virginia",69.8333333333333
"50",1980,"Wisconsin",45.6111111111111
"51",1981,"Alabama",50.8333333333333
"52",1981,"Alaska",36.5
"53",1981,"Arizona",86.5555555555556
"54",1981,"Arkansas",20
"55",1981,"California",55.5581395348837
"56",1981,"Colorado",44.3
"57",1981,"Connecticut",60
"58",1981,"Delaware",21.6666666666667
"59",1981,"District Of Columbia",69
"60",1981,"Florida",38.9444444444444
"61",1981,"Georgia",38.5
"62",1981,"Hawaii",28
"63",1981,"Idaho",84.75
"64",1981,"Illinois",43.3333333333333
"65",1981,"Indiana",62.9473684210526
"66",1981,"Iowa",27.1428571428571
"67",1981,"Kansas",53.3333333333333
"68",1981,"Kentucky",47.0625
"69",1981,"Louisiana",39
"70",1981,"Maine",49.75
"71",1981,"Maryland",44.1
"72",1981,"Massachusetts",45.7
"73",1981,"Michigan",47.5333333333333
"74",1981,"Minnesota",38
"75",1981,"Mississippi",20.6
"76",1981,"Missouri",47.1428571428571
"77",1981,"Montana",45.5
"78",1981,"Nebraska",35.5
"79",1981,"Nevada",60.25
"80",1981,"New Hampshire",53.4
"81",1981,"New Jersey",52.8666666666667
"82",1981,"New Mexico",55.4
"83",1981,"New York",58.4444444444444
"84",1981,"North Carolina",47
"85",1981,"North Dakota",20
"86",1981,"Ohio",53.9230769230769
"87",1981,"Oklahoma",32.6
"88",1981,"Oregon",46.375
"89",1981,"Pennsylvania",56.8636363636364
"90",1981,"Puerto Rico",20.75
"91",1981,"Rhode Island",51.5
"92",1981,"South Carolina",41
"93",1981,"Tennessee",60.1666666666667
"94",1981,"Texas",50.2666666666667
"95",1981,"Utah",66.4
"96",1981,"Vermont",26.6666666666667
"97",1981,"Virginia",39.9285714285714
"98",1981,"Washington",50.25
"99",1981,"West Virginia",32
"100",1981,"Wisconsin",50.3888888888889
"101",1982,"Alabama",44.8333333333333
"102",1982,"Alaska",24.3333333333333
"103",1982,"Arizona",64.7777777777778
"104",1982,"Arkansas",19
"105",1982,"California",52
"106",1982,"Colorado",43.4
"107",1982,"Connecticut",62.5
"108",1982,"Delaware",35.3333333333333
"109",1982,"District Of Columbia",62
"110",1982,"Florida",35.4444444444444
"111",1982,"Georgia",41
"112",1982,"Hawaii",31
"113",1982,"Idaho",54.5
"114",1982,"Illinois",40.9047619047619
"115",1982,"Indiana",61.45
"116",1982,"Iowa",38
"117",1982,"Kansas",46
"118",1982,"Kentucky",60.6875
"119",1982,"Louisiana",36.5
"120",1982,"Maine",47.4
"121",1982,"Maryland",46.4
"122",1982,"Massachusetts",63.1
"123",1982,"Michigan",45.1428571428571
"124",1982,"Minnesota",37.8888888888889
"125",1982,"Mississippi",20.6
"126",1982,"Missouri",51.2222222222222
"127",1982,"Montana",53.5
"128",1982,"Nebraska",38
"129",1982,"Nevada",48.25
"130",1982,"New Hampshire",55.6
"131",1982,"New Jersey",53.7333333333333
"132",1982,"New Mexico",52.2
"133",1982,"New York",57.3888888888889
"134",1982,"North Carolina",38.8888888888889
"135",1982,"North Dakota",27.6666666666667
"136",1982,"Ohio",58.1851851851852
"137",1982,"Oklahoma",49.6666666666667
"138",1982,"Oregon",41.75
"139",1982,"Pennsylvania",59.3636363636364
"140",1982,"Puerto Rico",37.5
"141",1982,"Rhode Island",50
"142",1982,"South Carolina",33
"143",1982,"Tennessee",48.1538461538462
"144",1982,"Texas",50.8666666666667
"145",1982,"Utah",69.4
"146",1982,"Vermont",32
"147",1982,"Virginia",39.3571428571429
"148",1982,"Washington",48.375
"149",1982,"West Virginia",70
"150",1982,"Wisconsin",50.2222222222222
"151",1983,"Alabama",43
"152",1983,"Alaska",29.6666666666667
"153",1983,"Arizona",51.8888888888889
"154",1983,"Arkansas",17.3333333333333
"155",1983,"California",50.1
"156",1983,"Colorado",45.1
"157",1983,"Connecticut",58.5
"158",1983,"Delaware",56
"159",1983,"District Of Columbia",62
"160",1983,"Florida",31.7368421052632
"161",1983,"Georgia",31.125
"162",1983,"Hawaii",36
"163",1983,"Idaho",55.5
"164",1983,"Illinois",44.7142857142857
"165",1983,"Indiana",67.5555555555556
"166",1983,"Iowa",37.4
"167",1983,"Kansas",48.5
"168",1983,"Kentucky",55.1875
"169",1983,"Louisiana",34.7647058823529
"170",1983,"Maine",44.5
"171",1983,"Maryland",43.5454545454545
"172",1983,"Massachusetts",58.1
"173",1983,"Michigan",41.5384615384615
"174",1983,"Minnesota",39.75
"175",1983,"Mississippi",25
"176",1983,"Missouri",49.375
"177",1983,"Montana",46.8
"178",1983,"Nebraska",34.5
"179",1983,"Nevada",37
"180",1983,"New Hampshire",42
"181",1983,"New Jersey",52.1333333333333
"182",1983,"New Mexico",49.2
"183",1983,"New York",55.7222222222222
"184",1983,"North Carolina",36.1052631578947
"185",1983,"North Dakota",28.8333333333333
"186",1983,"Ohio",52.6785714285714
"187",1983,"Oklahoma",35.8333333333333
"188",1983,"Oregon",37.8
"189",1983,"Pennsylvania",57.1363636363636
"190",1983,"Puerto Rico",32.6666666666667
"191",1983,"Rhode Island",45
"192",1983,"South Carolina",34.875
"193",1983,"Tennessee",48
"194",1983,"Texas",52.3333333333333
"195",1983,"Utah",58.1666666666667
"196",1983,"Vermont",32.6666666666667
"197",1983,"Virgin Islands",57
"198",1983,"Virginia",41.6
"199",1983,"Washington",45.5555555555556
"200",1983,"West Virginia",73.125
"201",1983,"Wisconsin",47.75
"202",1984,"Alabama",38.25
"203",1984,"Alaska",44.5
"204",1984,"Arizona",60.2222222222222
"205",1984,"Arkansas",21.5
"206",1984,"California",54.775
"207",1984,"Colorado",43.5
"208",1984,"Connecticut",54.6666666666667
"209",1984,"Delaware",54.6666666666667
"210",1984,"District Of Columbia",61
"211",1984,"Florida",39.9285714285714
"212",1984,"Georgia",44
"213",1984,"Hawaii",43
"214",1984,"Idaho",46
"215",1984,"Illinois",45.8
"216",1984,"Indiana",71.1111111111111
"217",1984,"Iowa",33
"218",1984,"Kansas",45
"219",1984,"Kentucky",50.3333333333333
"220",1984,"Louisiana",33.2941176470588
"221",1984,"Maine",45.5
"222",1984,"Maryland",40.6666666666667
"223",1984,"Massachusetts",61.2222222222222
"224",1984,"Michigan",44.6153846153846
"225",1984,"Minnesota",39.4444444444444
"226",1984,"Mississippi",30.25
"227",1984,"Missouri",49.25
"228",1984,"Montana",36.75
"229",1984,"Nebraska",31.5
"230",1984,"Nevada",57.5
"231",1984,"New Hampshire",57.75
"232",1984,"New Jersey",49.8
"233",1984,"New Mexico",42.7142857142857
"234",1984,"New York",55.3333333333333
"235",1984,"North Carolina",39
"236",1984,"North Dakota",35.8333333333333
"237",1984,"Ohio",52
"238",1984,"Oklahoma",34.3333333333333
"239",1984,"Oregon",40.7
"240",1984,"Pennsylvania",56.5
"241",1984,"Puerto Rico",31.6666666666667
"242",1984,"Rhode Island",48
"243",1984,"South Carolina",36.625
"244",1984,"Tennessee",54.8333333333333
"245",1984,"Texas",53.5333333333333
"246",1984,"Utah",65.5
"247",1984,"Vermont",33
"248",1984,"Virgin Islands",57
"249",1984,"Virginia",38
"250",1984,"Washington",41.4545454545455
"251",1984,"West Virginia",70.1111111111111
"252",1984,"Wisconsin",47
"253",1984,"Wyoming",18
"254",1985,"Alabama",39.25
"255",1985,"Alaska",50
"256",1985,"Arizona",74.1111111111111
"257",1985,"Arkansas",24.3333333333333
"258",1985,"California",55.1707317073171
"259",1985,"Colorado",39
"260",1985,"Connecticut",54.3333333333333
"261",1985,"Delaware",58.6666666666667
"262",1985,"District Of Columbia",64
"263",1985,"Florida",33
"264",1985,"Georgia",42.75
"265",1985,"Hawaii",25.5
"266",1985,"Idaho",70
"267",1985,"Illinois",45.9
"268",1985,"Indiana",67.1
"269",1985,"Iowa",27.2222222222222
"270",1985,"Kansas",32.75
"271",1985,"Kentucky",48.9375
"272",1985,"Louisiana",38.9230769230769
"273",1985,"Maine",42.9
"274",1985,"Maryland",41.9166666666667
"275",1985,"Massachusetts",58.6666666666667
"276",1985,"Michigan",39.5833333333333
"277",1985,"Minnesota",37
"278",1985,"Mississippi",30
"279",1985,"Missouri",45.6
"280",1985,"Montana",40.75
"281",1985,"Nebraska",30.3333333333333
"282",1985,"Nevada",57.5
"283",1985,"New Hampshire",62
"284",1985,"New Jersey",50
"285",1985,"New Mexico",37.8571428571429
"286",1985,"New York",52.2631578947368
"287",1985,"North Carolina",43.2352941176471
"288",1985,"North Dakota",31.5
"289",1985,"Ohio",51.3928571428571
"290",1985,"Oklahoma",39.2
"291",1985,"Oregon",39.5
"292",1985,"Pennsylvania",56.4545454545455
"293",1985,"Puerto Rico",33
"294",1985,"Rhode Island",50
"295",1985,"South Carolina",35.2857142857143
"296",1985,"South Dakota",26.6666666666667
"297",1985,"Tennessee",48.5384615384615
"298",1985,"Texas",43.6111111111111
"299",1985,"Utah",58.2
"300",1985,"Vermont",34
"301",1985,"Virgin Islands",46
"302",1985,"Virginia",39.4375
"303",1985,"Washington",43.2142857142857
"304",1985,"West Virginia",67.6666666666667
"305",1985,"Wisconsin",44.6
"306",1985,"Wyoming",29.3333333333333
"307",1986,"Alabama",43.5
"308",1986,"Alaska",37.6666666666667
"309",1986,"Arizona",60.4
"310",1986,"Arkansas",26
"311",1986,"California",55.063829787234
"312",1986,"Colorado",43.8
"313",1986,"Connecticut",51.6666666666667
"314",1986,"Delaware",52
"315",1986,"District Of Columbia",65
"316",1986,"Florida",35.4285714285714
"317",1986,"Georgia",45.8
"318",1986,"Hawaii",21.5
"319",1986,"Idaho",34.625
"320",1986,"Illinois",45.1904761904762
"321",1986,"Indiana",60.3684210526316
"322",1986,"Iowa",33.1111111111111
"323",1986,"Kansas",36.5
"324",1986,"Kentucky",47.25
"325",1986,"Louisiana",39.5384615384615
"326",1986,"Maine",43.6
"327",1986,"Maryland",46.4444444444444
"328",1986,"Massachusetts",56.4444444444444
"329",1986,"Michigan",38.3636363636364
"330",1986,"Minnesota",35.4
"331",1986,"Mississippi",32.75
"332",1986,"Missouri",46.8
"333",1986,"Montana",47.3076923076923
"334",1986,"Nebraska",35.6666666666667
"335",1986,"Nevada",55
"336",1986,"New Hampshire",55.25
"337",1986,"New Jersey",46.4
"338",1986,"New Mexico",36.8571428571429
"339",1986,"New York",51.05
"340",1986,"North Carolina",45.8333333333333
"341",1986,"North Dakota",26.2
"342",1986,"Ohio",51
"343",1986,"Oklahoma",42.3333333333333
"344",1986,"Oregon",39.8461538461538
"345",1986,"Pennsylvania",52.5454545454545
"346",1986,"Puerto Rico",28
"347",1986,"Rhode Island",49.5
"348",1986,"South Carolina",36.8888888888889
"349",1986,"South Dakota",21.6666666666667
"350",1986,"Tennessee",52
"351",1986,"Texas",45.2941176470588
"352",1986,"Utah",59.5
"353",1986,"Vermont",29.75
"354",1986,"Virgin Islands",49
"355",1986,"Virginia",39.9333333333333
"356",1986,"Washington",41.3529411764706
"357",1986,"West Virginia",70.3333333333333
"358",1986,"Wisconsin",41.85
"359",1986,"Wyoming",23.6666666666667
"360",1987,"Alabama",45
"361",1987,"Alaska",30
"362",1987,"Arizona",48.7
"363",1987,"Arkansas",27.6666666666667
"364",1987,"California",53.1428571428571
"365",1987,"Colorado",39.2941176470588
"366",1987,"Connecticut",50.3333333333333
"367",1987,"Delaware",56.6666666666667
"368",1987,"District Of Columbia",62
"369",1987,"Florida",35.5625
"370",1987,"Georgia",37
"371",1987,"Hawaii",25.75
"372",1987,"Idaho",34.6666666666667
"373",1987,"Illinois",45.1428571428571
"374",1987,"Indiana",59.95
"375",1987,"Iowa",32.1
"376",1987,"Kansas",37
"377",1987,"Kentucky",52.25
"378",1987,"Louisiana",43.25
"379",1987,"Maine",42
"380",1987,"Maryland",46.5555555555556
"381",1987,"Massachusetts",52.4
"382",1987,"Michigan",37.0769230769231
"383",1987,"Minnesota",37.2
"384",1987,"Mississippi",37.5
"385",1987,"Missouri",39.75
"386",1987,"Montana",41.2142857142857
"387",1987,"Nebraska",33.6666666666667
"388",1987,"Nevada",40.75
"389",1987,"New Hampshire",48.25
"390",1987,"New Jersey",45.5333333333333
"391",1987,"New Mexico",44.2857142857143
"392",1987,"New York",49.95
"393",1987,"North Carolina",43.9230769230769
"394",1987,"North Dakota",20.5
"395",1987,"Ohio",52
"396",1987,"Oklahoma",37.8333333333333
"397",1987,"Oregon",42.1538461538462
"398",1987,"Pennsylvania",53.7727272727273
"399",1987,"Puerto Rico",21.5
"400",1987,"Rhode Island",47.5
"401",1987,"South Carolina",38.25
"402",1987,"South Dakota",23.75
"403",1987,"Tennessee",46.9285714285714
"404",1987,"Texas",46.5625
"405",1987,"Utah",54.8
"406",1987,"Vermont",33.5
"407",1987,"Virgin Islands",43
"408",1987,"Virginia",41.75
"409",1987,"Washington",42.7058823529412
"410",1987,"West Virginia",72.2222222222222
"411",1987,"Wisconsin",40.55
"412",1987,"Wyoming",31.6666666666667
"413",1988,"Alabama",45.1666666666667
"414",1988,"Alaska",25
"415",1988,"Arizona",45.9
"416",1988,"Arkansas",27.6666666666667
"417",1988,"California",53.66
"418",1988,"Colorado",34.9090909090909
"419",1988,"Connecticut",42.75
"420",1988,"Delaware",60
"421",1988,"District Of Columbia",44
"422",1988,"Florida",36.9411764705882
"423",1988,"Georgia",35.3636363636364
"424",1988,"Hawaii",20.75
"425",1988,"Idaho",32.5555555555556
"426",1988,"Illinois",47.4347826086956
"427",1988,"Indiana",55.9523809523809
"428",1988,"Iowa",38.1
"429",1988,"Kansas",30
"430",1988,"Kentucky",46.1578947368421
"431",1988,"Louisiana",39.5
"432",1988,"Maine",41.5
"433",1988,"Maryland",46.1111111111111
"434",1988,"Massachusetts",57.2
"435",1988,"Michigan",34.4
"436",1988,"Minnesota",40
"437",1988,"Mississippi",36
"438",1988,"Missouri",44
"439",1988,"Montana",40.5384615384615
"440",1988,"Nebraska",36.75
"441",1988,"Nevada",42.2
"442",1988,"New Hampshire",51.75
"443",1988,"New Jersey",44.2666666666667
"444",1988,"New Mexico",38.5555555555556
"445",1988,"New York",49.05
"446",1988,"North Carolina",45.1333333333333
"447",1988,"North Dakota",24.4444444444444
"448",1988,"Ohio",51.448275862069
"449",1988,"Oklahoma",47.5
"450",1988,"Oregon",37.1666666666667
"451",1988,"Pennsylvania",54.7727272727273
"452",1988,"Puerto Rico",29.6
"453",1988,"Rhode Island",48.5
"454",1988,"South Carolina",41.875
"455",1988,"South Dakota",26.6666666666667
"456",1988,"Tennessee",48.7647058823529
"457",1988,"Texas",45.8095238095238
"458",1988,"Utah",42.375
"459",1988,"Vermont",32.5
"460",1988,"Virgin Islands",36
"461",1988,"Virginia",40.8823529411765
"462",1988,"Washington",39
"463",1988,"West Virginia",74
"464",1988,"Wisconsin",43.4736842105263
"465",1988,"Wyoming",27.3333333333333
"466",1989,"Alabama",33.3333333333333
"467",1989,"Alaska",26.4
"468",1989,"Arizona",48.6
"469",1989,"Arkansas",25.5
"470",1989,"California",53.3265306122449
"471",1989,"Colorado",34.2173913043478
"472",1989,"Connecticut",42.375
"473",1989,"Delaware",57.6666666666667
"474",1989,"District Of Columbia",52
"475",1989,"Florida",35.6842105263158
"476",1989,"Georgia",35.2
"477",1989,"Hawaii",21
"478",1989,"Idaho",32.2222222222222
"479",1989,"Illinois",44.3913043478261
"480",1989,"Indiana",52.125
"481",1989,"Iowa",38.2222222222222
"482",1989,"Kansas",33
"483",1989,"Kentucky",44.1111111111111
"484",1989,"Louisiana",34.25
"485",1989,"Maine",39.7
"486",1989,"Maryland",41.1818181818182
"487",1989,"Massachusetts",51.4545454545455
"488",1989,"Michigan",36.375
"489",1989,"Minnesota",36.6666666666667
"490",1989,"Mississippi",33.5714285714286
"491",1989,"Missouri",43.1818181818182
"492",1989,"Montana",35.5384615384615
"493",1989,"Nebraska",35.75
"494",1989,"Nevada",40.2
"495",1989,"New Hampshire",49
"496",1989,"New Jersey",43.2666666666667
"497",1989,"New Mexico",41.5833333333333
"498",1989,"New York",46.7619047619048
"499",1989,"North Carolina",36.9333333333333
"500",1989,"North Dakota",20.3333333333333
"501",1989,"Ohio",50.1290322580645
"502",1989,"Oklahoma",39.625
"503",1989,"Oregon",38
"504",1989,"Pennsylvania",51.1739130434783
"505",1989,"Puerto Rico",26.8333333333333
"506",1989,"Rhode Island",48
"507",1989,"South Carolina",33.4444444444444
"508",1989,"South Dakota",23.25
"509",1989,"Tennessee",42.4375
"510",1989,"Texas",43
"511",1989,"Utah",44.4285714285714
"512",1989,"Vermont",32.5
"513",1989,"Virgin Islands",44
"514",1989,"Virginia",39
"515",1989,"Washington",37.8823529411765
"516",1989,"West Virginia",67.5555555555556
"517",1989,"Wisconsin",42.7
"518",1989,"Wyoming",24.4285714285714
"519",1990,"Alabama",35.4615384615385
"520",1990,"Alaska",28.2
"521",1990,"Arizona",40.6363636363636
"522",1990,"Arkansas",26.3333333333333
"523",1990,"California",49.82
"524",1990,"Colorado",31.1666666666667
"525",1990,"Connecticut",38.625
"526",1990,"Delaware",54.6666666666667
"527",1990,"District Of Columbia",59
"528",1990,"Florida",40.1764705882353
"529",1990,"Georgia",36.75
"530",1990,"Hawaii",18.5
"531",1990,"Idaho",31.2727272727273
"532",1990,"Illinois",40.5652173913044
"533",1990,"Indiana",50.8
"534",1990,"Iowa",36.5555555555556
"535",1990,"Kansas",28.5714285714286
"536",1990,"Kentucky",41.8947368421053
"537",1990,"Louisiana",36.75
"538",1990,"Maine",36.7
"539",1990,"Maryland",39.0833333333333
"540",1990,"Massachusetts",46.6363636363636
"541",1990,"Michigan",35.6842105263158
"542",1990,"Minnesota",30.5454545454545
"543",1990,"Mississippi",39
"544",1990,"Missouri",40.5454545454545
"545",1990,"Montana",39.1538461538462
"546",1990,"Nebraska",31.5
"547",1990,"Nevada",44.25
"548",1990,"New Hampshire",48.1666666666667
"549",1990,"New Jersey",41.4666666666667
"550",1990,"New Mexico",36.25
"551",1990,"New York",42.0869565217391
"552",1990,"North Carolina",38.1111111111111
"553",1990,"North Dakota",17.3333333333333
"554",1990,"Ohio",46.7352941176471
"555",1990,"Oklahoma",38
"556",1990,"Oregon",39.0769230769231
"557",1990,"Pennsylvania",47.5357142857143
"558",1990,"Puerto Rico",30.6666666666667
"559",1990,"Rhode Island",43.5
"560",1990,"South Carolina",40.0909090909091
"561",1990,"South Dakota",25.5
"562",1990,"Tennessee",44.4210526315789
"563",1990,"Texas",37.6666666666667
"564",1990,"Utah",42.5714285714286
"565",1990,"Vermont",31.25
"566",1990,"Virgin Islands",25.5
"567",1990,"Virginia",38.28
"568",1990,"Washington",37.3125
"569",1990,"West Virginia",62.2727272727273
"570",1990,"Wisconsin",38.0476190476191
"571",1990,"Wyoming",31.2857142857143
"572",1991,"Alabama",32.4
"573",1991,"Alaska",27
"574",1991,"Arizona",36.25
"575",1991,"Arkansas",25.9
"576",1991,"California",49.9
"577",1991,"Colorado",33
"578",1991,"Connecticut",41
"579",1991,"Delaware",50
"580",1991,"District Of Columbia",60
"581",1991,"Florida",36.1111111111111
"582",1991,"Georgia",32.7333333333333
"583",1991,"Hawaii",18.75
"584",1991,"Idaho",29.6363636363636
"585",1991,"Illinois",42.3181818181818
"586",1991,"Indiana",49.1666666666667
"587",1991,"Iowa",34.0909090909091
"588",1991,"Kansas",27
"589",1991,"Kentucky",42.0416666666667
"590",1991,"Louisiana",33
"591",1991,"Maine",37.5
"592",1991,"Maryland",44.0833333333333
"593",1991,"Massachusetts",47.8181818181818
"594",1991,"Michigan",40.5217391304348
"595",1991,"Minnesota",30.9
"596",1991,"Mississippi",33.25
"597",1991,"Missouri",44.7
"598",1991,"Montana",37.4615384615385
"599",1991,"Nebraska",32.25
"600",1991,"Nevada",39.4
"601",1991,"New Hampshire",40
"602",1991,"New Jersey",42.4
"603",1991,"New Mexico",34.8333333333333
"604",1991,"New York",43.625
"605",1991,"North Carolina",34.8947368421053
"606",1991,"North Dakota",17.875
"607",1991,"Ohio",50.3684210526316
"608",1991,"Oklahoma",33.875
"609",1991,"Oregon",36.6428571428571
"610",1991,"Pennsylvania",50.25
"611",1991,"Puerto Rico",34.8333333333333
"612",1991,"Rhode Island",44
"613",1991,"South Carolina",33.5454545454545
"614",1991,"South Dakota",24.75
"615",1991,"Tennessee",39.7368421052632
"616",1991,"Texas",37.2
"617",1991,"Utah",40.8571428571429
"618",1991,"Vermont",30.75
"619",1991,"Virgin Islands",32
"620",1991,"Virginia",40.68
"621",1991,"Washington",36.1764705882353
"622",1991,"West Virginia",63.4545454545455
"623",1991,"Wisconsin",36.0952380952381
"624",1991,"Wyoming",28.7
"625",1992,"Alabama",32.25
"626",1992,"Alaska",32.5
"627",1992,"Arizona",34.0833333333333
"628",1992,"Arkansas",27.1
"629",1992,"California",48.8823529411765
"630",1992,"Colorado",33.2083333333333
"631",1992,"Connecticut",35.25
"632",1992,"Delaware",45.6666666666667
"633",1992,"District Of Columbia",54
"634",1992,"Florida",35.9130434782609
"635",1992,"Georgia",32
"636",1992,"Hawaii",23.5
"637",1992,"Idaho",29.8333333333333
"638",1992,"Illinois",40
"639",1992,"Indiana",43.6086956521739
"640",1992,"Iowa",33.8
"641",1992,"Kansas",31
"642",1992,"Kentucky",38.4230769230769
"643",1992,"Louisiana",35.5
"644",1992,"Maine",33.5
"645",1992,"Maryland",36.0714285714286
"646",1992,"Massachusetts",45.5454545454545
"647",1992,"Michigan",33.0909090909091
"648",1992,"Minnesota",27.0909090909091
"649",1992,"Mississippi",33
"650",1992,"Missouri",41
"651",1992,"Montana",33.5714285714286
"652",1992,"Nebraska",29.25
"653",1992,"Nevada",32.8333333333333
"654",1992,"New Hampshire",39.8333333333333
"655",1992,"New Jersey",38.0625
"656",1992,"New Mexico",36.5833333333333
"657",1992,"New York",39.5416666666667
"658",1992,"North Carolina",33.68
"659",1992,"North Dakota",17.625
"660",1992,"Ohio",42.7894736842105
"661",1992,"Oklahoma",32.875
"662",1992,"Oregon",36.7857142857143
"663",1992,"Pennsylvania",44.8214285714286
"664",1992,"Puerto Rico",30.8333333333333
"665",1992,"Rhode Island",41
"666",1992,"South Carolina",35.5454545454545
"667",1992,"South Dakota",24.75
"668",1992,"Tennessee",40.3684210526316
"669",1992,"Texas",38.3333333333333
"670",1992,"Utah",44.4285714285714
"671",1992,"Vermont",28.75
"672",1992,"Virgin Islands",35.5
"673",1992,"Virginia",36.9230769230769
"674",1992,"Washington",34.1
"675",1992,"West Virginia",54.3636363636364
"676",1992,"Wisconsin",32.1363636363636
"677",1992,"Wyoming",27.8
"678",1993,"Alabama",37.375
"679",1993,"Alaska",31.5
"680",1993,"Arizona",34.3
"681",1993,"Arkansas",28.2
"682",1993,"California",48.36
"683",1993,"Colorado",34.6666666666667
"684",1993,"Connecticut",37.625
"685",1993,"Country Of Mexico",49
"686",1993,"Delaware",53.3333333333333
"687",1993,"District Of Columbia",56
"688",1993,"Florida",37.28
"689",1993,"Georgia",36.1333333333333
"690",1993,"Hawaii",25.5
"691",1993,"Idaho",31.4545454545455
"692",1993,"Illinois",38.5454545454545
"693",1993,"Indiana",44.8260869565217
"694",1993,"Iowa",29.7
"695",1993,"Kansas",28
"696",1993,"Kentucky",40.1034482758621
"697",1993,"Louisiana",36.5789473684211
"698",1993,"Maine",33.9
"699",1993,"Maryland",40.0714285714286
"700",1993,"Massachusetts",44.2727272727273
"701",1993,"Michigan",36.9565217391304
"702",1993,"Minnesota",28.5
"703",1993,"Mississippi",34.125
"704",1993,"Missouri",36.8181818181818
"705",1993,"Montana",35.0714285714286
"706",1993,"Nebraska",26.75
"707",1993,"Nevada",35.1428571428571
"708",1993,"New Hampshire",38
"709",1993,"New Jersey",39.75
"710",1993,"New Mexico",33.25
"711",1993,"New York",39.7083333333333
"712",1993,"North Carolina",41.9259259259259
"713",1993,"North Dakota",17.625
"714",1993,"Ohio",45.4102564102564
"715",1993,"Oklahoma",27.125
"716",1993,"Oregon",33.3846153846154
"717",1993,"Pennsylvania",47.3214285714286
"718",1993,"Puerto Rico",30.7142857142857
"719",1993,"Rhode Island",41
"720",1993,"South Carolina",40.9166666666667
"721",1993,"South Dakota",16.75
"722",1993,"Tennessee",47.1052631578947
"723",1993,"Texas",34.0833333333333
"724",1993,"Utah",40.5
"725",1993,"Vermont",29.25
"726",1993,"Virgin Islands",30.5
"727",1993,"Virginia",41.2222222222222
"728",1993,"Washington",30.25
"729",1993,"West Virginia",60.3636363636364
"730",1993,"Wisconsin",33.2727272727273
"731",1993,"Wyoming",25.8
"732",1994,"Alabama",34.3125
"733",1994,"Alaska",30
"734",1994,"Arizona",37
"735",1994,"Arkansas",28.1
"736",1994,"California",50.4807692307692
"737",1994,"Colorado",32.96
"738",1994,"Connecticut",41.375
"739",1994,"Country Of Mexico",51.5
"740",1994,"Delaware",52.3333333333333
"741",1994,"District Of Columbia",58
"742",1994,"Florida",34.4
"743",1994,"Georgia",31.6666666666667
"744",1994,"Hawaii",26.5
"745",1994,"Idaho",27.5
"746",1994,"Illinois",41.5217391304348
"747",1994,"Indiana",48.2727272727273
"748",1994,"Iowa",30.1
"749",1994,"Kansas",29.2857142857143
"750",1994,"Kentucky",41.7241379310345
"751",1994,"Louisiana",35.5263157894737
"752",1994,"Maine",35
"753",1994,"Maryland",38.2857142857143
"754",1994,"Massachusetts",44.5454545454545
"755",1994,"Michigan",38.9565217391304
"756",1994,"Minnesota",29
"757",1994,"Mississippi",34.25
"758",1994,"Missouri",42.3636363636364
"759",1994,"Montana",34.2
"760",1994,"Nebraska",26.2
"761",1994,"Nevada",38.7142857142857
"762",1994,"New Hampshire",37.5
"763",1994,"New Jersey",41.5
"764",1994,"New Mexico",33.5384615384615
"765",1994,"New York",42.0833333333333
"766",1994,"North Carolina",36.448275862069
"767",1994,"North Dakota",18
"768",1994,"Ohio",43.5384615384615
"769",1994,"Oklahoma",31.5
"770",1994,"Oregon",31.7692307692308
"771",1994,"Pennsylvania",49.2962962962963
"772",1994,"Puerto Rico",32
"773",1994,"Rhode Island",41.5
"774",1994,"South Carolina",37.6666666666667
"775",1994,"South Dakota",23.5
"776",1994,"Tennessee",44.4210526315789
"777",1994,"Texas",37.0416666666667
"778",1994,"Utah",41
"779",1994,"Vermont",32.5
"780",1994,"Virgin Islands",35
"781",1994,"Virginia",38.1428571428571
"782",1994,"Washington",29.55
"783",1994,"West Virginia",58.5454545454545
"784",1994,"Wisconsin",35.5217391304348
"785",1994,"Wyoming",27.4166666666667
"786",1995,"Alabama",35.1875
"787",1995,"Alaska",28.5
"788",1995,"Arizona",36.7
"789",1995,"Arkansas",29.7
"790",1995,"California",47.5471698113208
"791",1995,"Colorado",31.84
"792",1995,"Connecticut",38.5
"793",1995,"Country Of Mexico",46
"794",1995,"Delaware",51
"795",1995,"District Of Columbia",52
"796",1995,"Florida",35.8148148148148
"797",1995,"Georgia",34.3125
"798",1995,"Hawaii",24.25
"799",1995,"Idaho",23.6428571428571
"800",1995,"Illinois",40.7826086956522
"801",1995,"Indiana",43.304347826087
"802",1995,"Iowa",34.2
"803",1995,"Kansas",29.7142857142857
"804",1995,"Kentucky",41.1034482758621
"805",1995,"Louisiana",37.5789473684211
"806",1995,"Maine",32.9
"807",1995,"Maryland",42.2
"808",1995,"Massachusetts",38.8181818181818
"809",1995,"Michigan",39.3181818181818
"810",1995,"Minnesota",27.9090909090909
"811",1995,"Mississippi",37.75
"812",1995,"Missouri",43.5454545454545
"813",1995,"Montana",29.6
"814",1995,"Nebraska",24.3333333333333
"815",1995,"Nevada",36.2857142857143
"816",1995,"New Hampshire",35.8333333333333
"817",1995,"New Jersey",38.4375
"818",1995,"New Mexico",30.6153846153846
"819",1995,"New York",37.8846153846154
"820",1995,"North Carolina",38.9375
"821",1995,"North Dakota",18.625
"822",1995,"Ohio",40.2307692307692
"823",1995,"Oklahoma",31.125
"824",1995,"Oregon",28.6923076923077
"825",1995,"Pennsylvania",44.6785714285714
"826",1995,"Puerto Rico",26.5714285714286
"827",1995,"Rhode Island",39.5
"828",1995,"South Carolina",37.5833333333333
"829",1995,"South Dakota",21.75
"830",1995,"Tennessee",45.9545454545455
"831",1995,"Texas",37.92
"832",1995,"Utah",34.5
"833",1995,"Vermont",28
"834",1995,"Virgin Islands",28
"835",1995,"Virginia",37.3928571428571
"836",1995,"Washington",27.5238095238095
"837",1995,"West Virginia",48
"838",1995,"Wisconsin",36
"839",1995,"Wyoming",24.9285714285714
"840",1996,"Alabama",35.8125
"841",1996,"Alaska",28.5
"842",1996,"Arizona",40.3636363636364
"843",1996,"Arkansas",27.4
"844",1996,"California",46.6603773584906
"845",1996,"Colorado",32.04
"846",1996,"Connecticut",35.625
"847",1996,"Country Of Mexico",54
"848",1996,"Delaware",47
"849",1996,"District Of Columbia",50
"850",1996,"Florida",34.2
"851",1996,"Georgia",33.4117647058824
"852",1996,"Hawaii",14.5
"853",1996,"Idaho",23.4285714285714
"854",1996,"Illinois",39.9130434782609
"855",1996,"Indiana",40.9130434782609
"856",1996,"Iowa",30.6
"857",1996,"Kansas",29
"858",1996,"Kentucky",39.1428571428571
"859",1996,"Louisiana",36
"860",1996,"Maine",30.8
"861",1996,"Maryland",38.3571428571429
"862",1996,"Massachusetts",39.4545454545455
"863",1996,"Michigan",38.4090909090909
"864",1996,"Minnesota",26
"865",1996,"Mississippi",34.125
"866",1996,"Missouri",45.8333333333333
"867",1996,"Montana",26.8666666666667
"868",1996,"Nebraska",28
"869",1996,"Nevada",36.8571428571429
"870",1996,"New Hampshire",37
"871",1996,"New Jersey",39.5
"872",1996,"New Mexico",30
"873",1996,"New York",37.8461538461538
"874",1996,"North Carolina",41
"875",1996,"North Dakota",19.375
"876",1996,"Ohio",39.2051282051282
"877",1996,"Oklahoma",26.6
"878",1996,"Oregon",28.5833333333333
"879",1996,"Pennsylvania",44.7666666666667
"880",1996,"Puerto Rico",26.2857142857143
"881",1996,"Rhode Island",40.5
"882",1996,"South Carolina",38.4166666666667
"883",1996,"South Dakota",21.25
"884",1996,"Tennessee",43.8095238095238
"885",1996,"Texas",35.8846153846154
"886",1996,"Utah",33.9
"887",1996,"Vermont",28
"888",1996,"Virgin Islands",20.3333333333333
"889",1996,"Virginia",36.2857142857143
"890",1996,"Washington",28.65
"891",1996,"West Virginia",47.2727272727273
"892",1996,"Wisconsin",37.2173913043478
"893",1996,"Wyoming",22.5714285714286
"894",1997,"Alabama",34.125
"895",1997,"Alaska",27.75
"896",1997,"Arizona",40.6363636363636
"897",1997,"Arkansas",27.4
"898",1997,"California",45.4716981132075
"899",1997,"Colorado",31.28
"900",1997,"Connecticut",38.125
"901",1997,"Country Of Mexico",73
"902",1997,"Delaware",49
"903",1997,"District Of Columbia",47
"904",1997,"Florida",34.5161290322581
"905",1997,"Georgia",34.9473684210526
"906",1997,"Hawaii",16.75
"907",1997,"Idaho",23.5
"908",1997,"Illinois",38.875
"909",1997,"Indiana",39
"910",1997,"Iowa",32.4166666666667
"911",1997,"Kansas",26.5714285714286
"912",1997,"Kentucky",38.7142857142857
"913",1997,"Louisiana",36.9473684210526
"914",1997,"Maine",31.1
"915",1997,"Maryland",39.7857142857143
"916",1997,"Massachusetts",38.1818181818182
"917",1997,"Michigan",37.2272727272727
"918",1997,"Minnesota",23.9230769230769
"919",1997,"Mississippi",38.25
"920",1997,"Missouri",41.6666666666667
"921",1997,"Montana",25.7333333333333
"922",1997,"Nebraska",29
"923",1997,"Nevada",39
"924",1997,"New Hampshire",35.4285714285714
"925",1997,"New Jersey",39.375
"926",1997,"New Mexico",31.7692307692308
"927",1997,"New York",38.32
"928",1997,"North Carolina",43.96875
"929",1997,"North Dakota",20.125
"930",1997,"Ohio",39.4285714285714
"931",1997,"Oklahoma",28.5
"932",1997,"Oregon",28.0833333333333
"933",1997,"Pennsylvania",46.4848484848485
"934",1997,"Puerto Rico",27.7142857142857
"935",1997,"Rhode Island",41
"936",1997,"South Carolina",40.6666666666667
"937",1997,"South Dakota",22
"938",1997,"Tennessee",44.0909090909091
"939",1997,"Texas",38.4782608695652
"940",1997,"Utah",32.5
"941",1997,"Vermont",29.5
"942",1997,"Virgin Islands",22.3333333333333
"943",1997,"Virginia",37.0689655172414
"944",1997,"Washington",29.3
"945",1997,"West Virginia",49.3636363636364
"946",1997,"Wisconsin",37.4347826086956
"947",1997,"Wyoming",23.5
"948",1998,"Alabama",37.625
"949",1998,"Alaska",24.2
"950",1998,"Arizona",43.5454545454545
"951",1998,"Arkansas",35.8
"952",1998,"California",43.8867924528302
"953",1998,"Colorado",32.48
"954",1998,"Connecticut",39.625
"955",1998,"Country Of Mexico",73.5
"956",1998,"Delaware",54
"957",1998,"District Of Columbia",50
"958",1998,"Florida",36.21875
"959",1998,"Georgia",38.4210526315789
"960",1998,"Hawaii",18.25
"961",1998,"Idaho",22.7142857142857
"962",1998,"Illinois",40
"963",1998,"Indiana",45.8333333333333
"964",1998,"Iowa",31.75
"965",1998,"Kansas",28.3333333333333
"966",1998,"Kentucky",43.2413793103448
"967",1998,"Louisiana",38
"968",1998,"Maine",31.4
"969",1998,"Maryland",45.1333333333333
"970",1998,"Massachusetts",39.5
"971",1998,"Michigan",42.0869565217391
"972",1998,"Minnesota",24.7692307692308
"973",1998,"Mississippi",38.25
"974",1998,"Missouri",44.8333333333333
"975",1998,"Montana",27.6153846153846
"976",1998,"Nebraska",29
"977",1998,"Nevada",38.1428571428571
"978",1998,"New Hampshire",37
"979",1998,"New Jersey",39.3125
"980",1998,"New Mexico",34.1538461538462
"981",1998,"New York",39.28
"982",1998,"North Carolina",45.0909090909091
"983",1998,"North Dakota",20
"984",1998,"Ohio",42.7857142857143
"985",1998,"Oklahoma",37.7777777777778
"986",1998,"Oregon",26.8333333333333
"987",1998,"Pennsylvania",49.28125
"988",1998,"Puerto Rico",26.4285714285714
"989",1998,"Rhode Island",40.3333333333333
"990",1998,"South Carolina",42.6666666666667
"991",1998,"South Dakota",20.25
"992",1998,"Tennessee",48.5238095238095
"993",1998,"Texas",39.1666666666667
"994",1998,"Utah",39.5
"995",1998,"Vermont",32.6666666666667
"996",1998,"Virgin Islands",24.3333333333333
"997",1998,"Virginia",39.8620689655172
"998",1998,"Washington",27.05
"999",1998,"West Virginia",55.0909090909091
"1000",1998,"Wisconsin",40.9565217391304
"1001",1998,"Wyoming",24.1428571428571
"1002",1999,"Alabama",50.75
"1003",1999,"Alaska",23.8
"1004",1999,"Arizona",50.6363636363636
"1005",1999,"Arkansas",46.9
"1006",1999,"California",52.4528301886792
"1007",1999,"Colorado",31.56
"1008",1999,"Connecticut",43.875
"1009",1999,"Country Of Mexico",84.5
"1010",1999,"Delaware",55.3333333333333
"1011",1999,"District Of Columbia",60
"1012",1999,"Florida",39.5806451612903
"1013",1999,"Georgia",52.1666666666667
"1014",1999,"Hawaii",16.25
"1015",1999,"Idaho",24.0714285714286
"1016",1999,"Illinois",41.5
"1017",1999,"Indiana",46.2592592592593
"1018",1999,"Iowa",38.2857142857143
"1019",1999,"Kansas",38.125
"1020",1999,"Kentucky",51.1724137931034
"1021",1999,"Louisiana",44.8
"1022",1999,"Maine",30.1
"1023",1999,"Maryland",47.0714285714286
"1024",1999,"Massachusetts",43.7272727272727
"1025",1999,"Michigan",42.28
"1026",1999,"Minnesota",28.6428571428571
"1027",1999,"Mississippi",50.7
"1028",1999,"Missouri",47.6428571428571
"1029",1999,"Montana",23.5
"1030",1999,"Nebraska",35.1428571428571
"1031",1999,"Nevada",46.5
"1032",1999,"New Hampshire",38
"1033",1999,"New Jersey",42.625
"1034",1999,"New Mexico",33.3076923076923
"1035",1999,"New York",40.3461538461538
"1036",1999,"North Carolina",51.5142857142857
"1037",1999,"North Dakota",25.1111111111111
"1038",1999,"Ohio",47.4761904761905
"1039",1999,"Oklahoma",35.2307692307692
"1040",1999,"Oregon",31.5
"1041",1999,"Pennsylvania",51.030303030303
"1042",1999,"Puerto Rico",32.375
"1043",1999,"Rhode Island",41.3333333333333
"1044",1999,"South Carolina",47.6923076923077
"1045",1999,"South Dakota",29
"1046",1999,"Tennessee",57.7272727272727
"1047",1999,"Texas",40.0769230769231
"1048",1999,"Utah",41.375
"1049",1999,"Vermont",35.3333333333333
"1050",1999,"Virgin Islands",20.6666666666667
"1051",1999,"Virginia",44.1333333333333
"1052",1999,"Washington",27.85
"1053",1999,"West Virginia",57.9230769230769
"1054",1999,"Wisconsin",41.4166666666667
"1055",1999,"Wyoming",27.2857142857143
"1056",2000,"Alabama",53.2352941176471
"1057",2000,"Alaska",24.6
"1058",2000,"Arizona",44.0833333333333
"1059",2000,"Arkansas",47.6
"1060",2000,"California",48.9811320754717
"1061",2000,"Colorado",32.08
"1062",2000,"Connecticut",40.875
"1063",2000,"Country Of Mexico",83.5
"1064",2000,"Delaware",53
"1065",2000,"District Of Columbia",59
"1066",2000,"Florida",40.7352941176471
"1067",2000,"Georgia",52.1111111111111
"1068",2000,"Hawaii",20.75
"1069",2000,"Idaho",24.8571428571429
"1070",2000,"Illinois",40.72
"1071",2000,"Indiana",47.21875
"1072",2000,"Iowa",38.4
"1073",2000,"Kansas",36.8888888888889
"1074",2000,"Kentucky",45.7241379310345
"1075",2000,"Louisiana",45.6666666666667
"1076",2000,"Maine",27.6
"1077",2000,"Maryland",44.5714285714286
"1078",2000,"Massachusetts",41.7272727272727
"1079",2000,"Michigan",39.037037037037
"1080",2000,"Minnesota",30.4285714285714
"1081",2000,"Mississippi",49.5
"1082",2000,"Missouri",45.625
"1083",2000,"Montana",23.9375
"1084",2000,"Nebraska",34.4285714285714
"1085",2000,"Nevada",44.1666666666667
"1086",2000,"New Hampshire",34.5714285714286
"1087",2000,"New Jersey",41.75
"1088",2000,"New Mexico",31.3333333333333
"1089",2000,"New York",39.2692307692308
"1090",2000,"North Carolina",49.8611111111111
"1091",2000,"North Dakota",25.2222222222222
"1092",2000,"Ohio",45.3095238095238
"1093",2000,"Oklahoma",36.8461538461538
"1094",2000,"Oregon",28.5
"1095",2000,"Pennsylvania",47.0882352941176
"1096",2000,"Puerto Rico",31.375
"1097",2000,"Rhode Island",41.3333333333333
"1098",2000,"South Carolina",48.3333333333333
"1099",2000,"South Dakota",25.8333333333333
"1100",2000,"Tennessee",55.0454545454545
"1101",2000,"Texas",41.3030303030303
"1102",2000,"Utah",29.9166666666667
"1103",2000,"Vermont",31.3333333333333
"1104",2000,"Virgin Islands",26.3333333333333
"1105",2000,"Virginia",41.0344827586207
"1106",2000,"Washington",29.8695652173913
"1107",2000,"West Virginia",54.7142857142857
"1108",2000,"Wisconsin",40.0416666666667
"1109",2000,"Wyoming",26
"1110",2001,"Alabama",46.1176470588235
"1111",2001,"Alaska",20.1428571428571
"1112",2001,"Arizona",43.5833333333333
"1113",2001,"Arkansas",45.1
"1114",2001,"California",50.0566037735849
"1115",2001,"Colorado",31.92
"1116",2001,"Connecticut",43.875
"1117",2001,"Country Of Mexico",77.5
"1118",2001,"Delaware",57.3333333333333
"1119",2001,"District Of Columbia",62
"1120",2001,"Florida",38.5555555555556
"1121",2001,"Georgia",44.1111111111111
"1122",2001,"Hawaii",23.3333333333333
"1123",2001,"Idaho",29.1428571428571
"1124",2001,"Illinois",40.6153846153846
"1125",2001,"Indiana",46
"1126",2001,"Iowa",37
"1127",2001,"Kansas",35
"1128",2001,"Kentucky",45.1034482758621
"1129",2001,"Louisiana",42.5238095238095
"1130",2001,"Maine",29.5
"1131",2001,"Maryland",48.2857142857143
"1132",2001,"Massachusetts",44.7272727272727
"1133",2001,"Michigan",41.9230769230769
"1134",2001,"Minnesota",31.6153846153846
"1135",2001,"Mississippi",44.7
"1136",2001,"Missouri",43.8235294117647
"1137",2001,"Montana",22.625
"1138",2001,"Nebraska",33.7142857142857
"1139",2001,"Nevada",44.5
"1140",2001,"New Hampshire",38.5714285714286
"1141",2001,"New Jersey",43.75
"1142",2001,"New Mexico",28.8
"1143",2001,"New York",41.5
"1144",2001,"North Carolina",49.0277777777778
"1145",2001,"North Dakota",26.8888888888889
"1146",2001,"Ohio",45.7674418604651
"1147",2001,"Oklahoma",39.6153846153846
"1148",2001,"Oregon",27.8333333333333
"1149",2001,"Pennsylvania",52.1470588235294
"1150",2001,"Puerto Rico",30.75
"1151",2001,"Rhode Island",46
"1152",2001,"South Carolina",47.0666666666667
"1153",2001,"South Dakota",27
"1154",2001,"Tennessee",49.5909090909091
"1155",2001,"Texas",41.1764705882353
"1156",2001,"Utah",34.25
"1157",2001,"Vermont",36
"1158",2001,"Virgin Islands",21.3333333333333
"1159",2001,"Virginia",41.5666666666667
"1160",2001,"Washington",28.16
"1161",2001,"West Virginia",54.3571428571429
"1162",2001,"Wisconsin",40.24
"1163",2001,"Wyoming",28.6428571428571
"1164",2002,"Alabama",43.6470588235294
"1165",2002,"Alaska",21
"1166",2002,"Arizona",46.75
"1167",2002,"Arkansas",38.7
"1168",2002,"California",52.2641509433962
"1169",2002,"Colorado",32.36
"1170",2002,"Connecticut",44.875
"1171",2002,"Country Of Mexico",70
"1172",2002,"Delaware",55.3333333333333
"1173",2002,"District Of Columbia",58
"1174",2002,"Florida",37.8333333333333
"1175",2002,"Georgia",44
"1176",2002,"Hawaii",20.75
"1177",2002,"Idaho",29.8333333333333
"1178",2002,"Illinois",39.8076923076923
"1179",2002,"Indiana",47.5757575757576
"1180",2002,"Iowa",36.6875
"1181",2002,"Kansas",31.1
"1182",2002,"Kentucky",43.4137931034483
"1183",2002,"Louisiana",39.5238095238095
"1184",2002,"Maine",28.8
"1185",2002,"Maryland",48.3076923076923
"1186",2002,"Massachusetts",42.1818181818182
"1187",2002,"Michigan",42.1923076923077
"1188",2002,"Minnesota",32.4615384615385
"1189",2002,"Mississippi",42.6
"1190",2002,"Missouri",45.1176470588235
"1191",2002,"Montana",21.8125
"1192",2002,"Nebraska",29
"1193",2002,"Nevada",43
"1194",2002,"New Hampshire",37.2857142857143
"1195",2002,"New Jersey",42.4375
"1196",2002,"New Mexico",28.375
"1197",2002,"New York",39.2962962962963
"1198",2002,"North Carolina",49
"1199",2002,"North Dakota",28.2222222222222
"1200",2002,"Ohio",45.8571428571429
"1201",2002,"Oklahoma",38.9333333333333
"1202",2002,"Oregon",29.8333333333333
"1203",2002,"Pennsylvania",49.3529411764706
"1204",2002,"Puerto Rico",28.625
"1205",2002,"Rhode Island",43.6666666666667
"1206",2002,"South Carolina",45.2666666666667
"1207",2002,"South Dakota",26.1428571428571
"1208",2002,"Tennessee",46.0454545454545
"1209",2002,"Texas",40.5
"1210",2002,"Utah",33.3846153846154
"1211",2002,"Vermont",33.6666666666667
"1212",2002,"Virgin Islands",25.3333333333333
"1213",2002,"Virginia",41.8
"1214",2002,"Washington",31.4615384615385
"1215",2002,"West Virginia",51.7142857142857
"1216",2002,"Wisconsin",37.1111111111111
"1217",2002,"Wyoming",26.9333333333333
"1218",2003,"Alabama",43.8823529411765
"1219",2003,"Alaska",17.8571428571429
"1220",2003,"Arizona",49.25
"1221",2003,"Arkansas",41.5
"1222",2003,"California",50.811320754717
"1223",2003,"Colorado",32.28
"1224",2003,"Connecticut",44.625
"1225",2003,"Country Of Mexico",71
"1226",2003,"Delaware",52
"1227",2003,"District Of Columbia",58
"1228",2003,"Florida",37.3055555555556
"1229",2003,"Georgia",44.4642857142857
"1230",2003,"Hawaii",22.25
"1231",2003,"Idaho",25.7777777777778
"1232",2003,"Illinois",37.6153846153846
"1233",2003,"Indiana",44.6969696969697
"1234",2003,"Iowa",39.3125
"1235",2003,"Kansas",35.0909090909091
"1236",2003,"Kentucky",42.4137931034483
"1237",2003,"Louisiana",42.0476190476191
"1238",2003,"Maine",30.6
"1239",2003,"Maryland",44.5384615384615
"1240",2003,"Massachusetts",40
"1241",2003,"Michigan",41.3846153846154
"1242",2003,"Minnesota",37.75
"1243",2003,"Mississippi",45.1
"1244",2003,"Missouri",44.6470588235294
"1245",2003,"Montana",20.625
"1246",2003,"Nebraska",30.5
"1247",2003,"Nevada",39.4285714285714
"1248",2003,"New Hampshire",39.5714285714286
"1249",2003,"New Jersey",41.6875
"1250",2003,"New Mexico",29.75
"1251",2003,"New York",38.962962962963
"1252",2003,"North Carolina",45.2162162162162
"1253",2003,"North Dakota",29.2222222222222
"1254",2003,"Ohio",43.9285714285714
"1255",2003,"Oklahoma",42.1176470588235
"1256",2003,"Oregon",25.2941176470588
"1257",2003,"Pennsylvania",47.6764705882353
"1258",2003,"Puerto Rico",24.125
"1259",2003,"Rhode Island",43.3333333333333
"1260",2003,"South Carolina",42.6666666666667
"1261",2003,"South Dakota",30
"1262",2003,"Tennessee",47.3913043478261
"1263",2003,"Texas",41.6666666666667
"1264",2003,"Utah",31.1538461538462
"1265",2003,"Vermont",30
"1266",2003,"Virgin Islands",26.6666666666667
"1267",2003,"Virginia",39.8
"1268",2003,"Washington",31.2413793103448
"1269",2003,"West Virginia",51
"1270",2003,"Wisconsin",38.962962962963
"1271",2003,"Wyoming",26.2
"1272",2004,"Alabama",43.4705882352941
"1273",2004,"Alaska",17.5714285714286
"1274",2004,"Arizona",47
"1275",2004,"Arkansas",38.3
"1276",2004,"California",49.8490566037736
"1277",2004,"Colorado",30.68
"1278",2004,"Connecticut",41.75
"1279",2004,"Country Of Mexico",78
"1280",2004,"Delaware",51.6666666666667
"1281",2004,"District Of Columbia",57
"1282",2004,"Florida",40.1388888888889
"1283",2004,"Georgia",47.9642857142857
"1284",2004,"Hawaii",16.25
"1285",2004,"Idaho",28
"1286",2004,"Illinois",36.1923076923077
"1287",2004,"Indiana",43.030303030303
"1288",2004,"Iowa",36.0625
"1289",2004,"Kansas",31.2727272727273
"1290",2004,"Kentucky",41.2068965517241
"1291",2004,"Louisiana",39.9047619047619
"1292",2004,"Maine",31.7
"1293",2004,"Maryland",45.6428571428571
"1294",2004,"Massachusetts",40.0833333333333
"1295",2004,"Michigan",38.2692307692308
"1296",2004,"Minnesota",35
"1297",2004,"Mississippi",44.9
"1298",2004,"Missouri",40.6315789473684
"1299",2004,"Montana",21.125
"1300",2004,"Nebraska",29.875
"1301",2004,"Nevada",36.4285714285714
"1302",2004,"New Hampshire",38.8571428571429
"1303",2004,"New Jersey",40.125
"1304",2004,"New Mexico",27.8
"1305",2004,"New York",36.1111111111111
"1306",2004,"North Carolina",43.6571428571429
"1307",2004,"North Dakota",29.6666666666667
"1308",2004,"Ohio",41.7380952380952
"1309",2004,"Oklahoma",38.8333333333333
"1310",2004,"Oregon",28.0555555555556
"1311",2004,"Pennsylvania",45.7428571428571
"1312",2004,"Puerto Rico",22.375
"1313",2004,"Rhode Island",40.6666666666667
"1314",2004,"South Carolina",44.2666666666667
"1315",2004,"South Dakota",31.125
"1316",2004,"Tennessee",45.5652173913044
"1317",2004,"Texas",38.3611111111111
"1318",2004,"Utah",35
"1319",2004,"Vermont",27.25
"1320",2004,"Virgin Islands",19.3333333333333
"1321",2004,"Virginia",39.3666666666667
"1322",2004,"Washington",31.4642857142857
"1323",2004,"West Virginia",48.9285714285714
"1324",2004,"Wisconsin",36.4814814814815
"1325",2004,"Wyoming",24.2857142857143
"1326",2005,"Alabama",46
"1327",2005,"Alaska",18.5714285714286
"1328",2005,"Arizona",45.5384615384615
"1329",2005,"Arkansas",44.1111111111111
"1330",2005,"California",46
"1331",2005,"Colorado",32.16
"1332",2005,"Connecticut",43
"1333",2005,"Country Of Mexico",76.5
"1334",2005,"Delaware",54.3333333333333
"1335",2005,"District Of Columbia",57
"1336",2005,"Florida",40.2222222222222
"1337",2005,"Georgia",47.8620689655172
"1338",2005,"Hawaii",15.5
"1339",2005,"Idaho",24.6842105263158
"1340",2005,"Illinois",39.9230769230769
"1341",2005,"Indiana",46.4242424242424
"1342",2005,"Iowa",39.75
"1343",2005,"Kansas",34.3636363636364
"1344",2005,"Kentucky",44.551724137931
"1345",2005,"Louisiana",46.6818181818182
"1346",2005,"Maine",34.4
"1347",2005,"Maryland",46.4666666666667
"1348",2005,"Massachusetts",43.1666666666667
"1349",2005,"Michigan",43.2692307692308
"1350",2005,"Minnesota",37.4736842105263
"1351",2005,"Mississippi",49.8
"1352",2005,"Missouri",47.9473684210526
"1353",2005,"Montana",21.5625
"1354",2005,"Nebraska",31.5
"1355",2005,"Nevada",36.375
"1356",2005,"New Hampshire",40.1428571428571
"1357",2005,"New Jersey",43
"1358",2005,"New Mexico",28.1333333333333
"1359",2005,"New York",38.4814814814815
"1360",2005,"North Carolina",47.6944444444444
"1361",2005,"North Dakota",30.6666666666667
"1362",2005,"Ohio",44.6190476190476
"1363",2005,"Oklahoma",41.5882352941176
"1364",2005,"Oregon",27.0952380952381
"1365",2005,"Pennsylvania",49.1428571428571
"1366",2005,"Puerto Rico",23.6666666666667
"1367",2005,"Rhode Island",43.3333333333333
"1368",2005,"South Carolina",45.9333333333333
"1369",2005,"South Dakota",34.125
"1370",2005,"Tennessee",49.3478260869565
"1371",2005,"Texas",44.1081081081081
"1372",2005,"Utah",34.7692307692308
"1373",2005,"Vermont",29.75
"1374",2005,"Virgin Islands",15.3333333333333
"1375",2005,"Virginia",41.0333333333333
"1376",2005,"Washington",29.3214285714286
"1377",2005,"West Virginia",51.4285714285714
"1378",2005,"Wisconsin",41.1428571428571
"1379",2005,"Wyoming",23.0666666666667
"1380",2006,"Alabama",47.5882352941176
"1381",2006,"Alaska",19.5714285714286
"1382",2006,"Arizona",53.9230769230769
"1383",2006,"Arkansas",40.4545454545455
"1384",2006,"California",47.7358490566038
"1385",2006,"Colorado",33
"1386",2006,"Connecticut",41.125
"1387",2006,"Country Of Mexico",83
"1388",2006,"Delaware",53
"1389",2006,"District Of Columbia",54
"1390",2006,"Florida",41.1944444444444
"1391",2006,"Georgia",51.7586206896552
"1392",2006,"Hawaii",14.25
"1393",2006,"Idaho",26.5789473684211
"1394",2006,"Illinois",36.0769230769231
"1395",2006,"Indiana",41.5757575757576
"1396",2006,"Iowa",36.75
"1397",2006,"Kansas",33.7272727272727
"1398",2006,"Kentucky",41.2758620689655
"1399",2006,"Louisiana",45.6818181818182
"1400",2006,"Maine",33.3
"1401",2006,"Maryland",46.2666666666667
"1402",2006,"Massachusetts",39.9166666666667
"1403",2006,"Michigan",39.3333333333333
"1404",2006,"Minnesota",34.85
"1405",2006,"Mississippi",49.9
"1406",2006,"Missouri",46.3684210526316
"1407",2006,"Montana",23.6875
"1408",2006,"Nebraska",29.6666666666667
"1409",2006,"Nevada",38
"1410",2006,"New Hampshire",37.4285714285714
"1411",2006,"New Jersey",43.125
"1412",2006,"New Mexico",29.3125
"1413",2006,"New York",35.4074074074074
"1414",2006,"North Carolina",47.6388888888889
"1415",2006,"North Dakota",32
"1416",2006,"Ohio",39.9761904761905
"1417",2006,"Oklahoma",40.6666666666667
"1418",2006,"Oregon",27.5714285714286
"1419",2006,"Pennsylvania",43.9722222222222
"1420",2006,"Puerto Rico",23.5555555555556
"1421",2006,"Rhode Island",40.3333333333333
"1422",2006,"South Carolina",46.4666666666667
"1423",2006,"South Dakota",32.125
"1424",2006,"Tennessee",49.4347826086956
"1425",2006,"Texas",43.6666666666667
"1426",2006,"Utah",36.6923076923077
"1427",2006,"Vermont",27
"1428",2006,"Virgin Islands",21
"1429",2006,"Virginia",39.4516129032258
"1430",2006,"Washington",29.0344827586207
"1431",2006,"West Virginia",49.4285714285714
"1432",2006,"Wisconsin",39.4814814814815
"1433",2006,"Wyoming",26.5333333333333
"1434",2007,"Alabama",50
"1435",2007,"Alaska",18.7142857142857
"1436",2007,"Arizona",51.9230769230769
"1437",2007,"Arkansas",40.5454545454545
"1438",2007,"California",48.9811320754717
"1439",2007,"Colorado",37.9615384615385
"1440",2007,"Connecticut",41.25
"1441",2007,"Country Of Mexico",88.5
"1442",2007,"Delaware",50.6666666666667
"1443",2007,"District Of Columbia",54
"1444",2007,"Florida",40.2222222222222
"1445",2007,"Georgia",50.5172413793103
"1446",2007,"Hawaii",35.6666666666667
"1447",2007,"Idaho",27.3888888888889
"1448",2007,"Illinois",41.8076923076923
"1449",2007,"Indiana",47.8125
"1450",2007,"Iowa",42.3125
"1451",2007,"Kansas",34.5
"1452",2007,"Kentucky",47.8965517241379
"1453",2007,"Louisiana",42.4545454545455
"1454",2007,"Maine",32.9
"1455",2007,"Maryland",48.3333333333333
"1456",2007,"Massachusetts",40.5833333333333
"1457",2007,"Michigan",41.8518518518519
"1458",2007,"Minnesota",35.3
"1459",2007,"Mississippi",47.8888888888889
"1460",2007,"Missouri",47.3888888888889
"1461",2007,"Montana",23.9375
"1462",2007,"Nebraska",32.4444444444444
"1463",2007,"Nevada",38.5555555555556
"1464",2007,"New Hampshire",38.1428571428571
"1465",2007,"New Jersey",44.5
"1466",2007,"New Mexico",30.625
"1467",2007,"New York",40.1111111111111
"1468",2007,"North Carolina",50.25
"1469",2007,"North Dakota",30.3333333333333
"1470",2007,"Ohio",42.390243902439
"1471",2007,"Oklahoma",38.25
"1472",2007,"Oregon",27.1428571428571
"1473",2007,"Pennsylvania",45.2222222222222
"1474",2007,"Puerto Rico",22.2
"1475",2007,"Rhode Island",41.3333333333333
"1476",2007,"South Carolina",47.1428571428571
"1477",2007,"South Dakota",33.125
"1478",2007,"Tennessee",53.7391304347826
"1479",2007,"Texas",41.1052631578947
"1480",2007,"Utah",44.5833333333333
"1481",2007,"Vermont",26.25
"1482",2007,"Virgin Islands",19.6666666666667
"1483",2007,"Virginia",42.0333333333333
"1484",2007,"Washington",27.1333333333333
"1485",2007,"West Virginia",52.7142857142857
"1486",2007,"Wisconsin",41.3333333333333
"1487",2007,"Wyoming",30.2352941176471
"1488",2008,"Alabama",44.1333333333333
"1489",2008,"Alaska",17
"1490",2008,"Arizona",51.1538461538462
"1491",2008,"Arkansas",37.7272727272727
"1492",2008,"California",50.9056603773585
"1493",2008,"Colorado",34.8461538461538
"1494",2008,"Connecticut",40.5
"1495",2008,"Country Of Mexico",66
"1496",2008,"Delaware",49.3333333333333
"1497",2008,"District Of Columbia",51
"1498",2008,"Florida",38.3783783783784
"1499",2008,"Georgia",47.4137931034483
"1500",2008,"Hawaii",79.6666666666667
"1501",2008,"Idaho",25.6315789473684
"1502",2008,"Illinois",38.2692307692308
"1503",2008,"Indiana",43.71875
"1504",2008,"Iowa",39.1875
"1505",2008,"Kansas",32.7272727272727
"1506",2008,"Kentucky",42.8275862068966
"1507",2008,"Louisiana",40.3181818181818
"1508",2008,"Maine",33.5
"1509",2008,"Maryland",45.6
"1510",2008,"Massachusetts",41.4166666666667
"1511",2008,"Michigan",40.3333333333333
"1512",2008,"Minnesota",34.65
"1513",2008,"Mississippi",45.2222222222222
"1514",2008,"Missouri",44.2777777777778
"1515",2008,"Montana",23.5882352941176
"1516",2008,"Nebraska",31.5555555555556
"1517",2008,"Nevada",35.5555555555556
"1518",2008,"New Hampshire",37.4285714285714
"1519",2008,"New Jersey",43.25
"1520",2008,"New Mexico",30.75
"1521",2008,"New York",40
"1522",2008,"North Carolina",45.1111111111111
"1523",2008,"North Dakota",32.4444444444444
"1524",2008,"Ohio",41.1463414634146
"1525",2008,"Oklahoma",38.5
"1526",2008,"Oregon",33.5652173913044
"1527",2008,"Pennsylvania",42.8333333333333
"1528",2008,"Puerto Rico",20.1111111111111
"1529",2008,"Rhode Island",41.3333333333333
"1530",2008,"South Carolina",44.7857142857143
"1531",2008,"South Dakota",33.25
"1532",2008,"Tennessee",42.4285714285714
"1533",2008,"Texas",40.8717948717949
"1534",2008,"Utah",43.4166666666667
"1535",2008,"Vermont",30.5
"1536",2008,"Virgin Islands",20
"1537",2008,"Virginia",37.78125
"1538",2008,"Washington",27.4
"1539",2008,"West Virginia",46.7857142857143
"1540",2008,"Wisconsin",40.0740740740741
"1541",2008,"Wyoming",30.1764705882353
"1542",2009,"Alabama",39.3333333333333
"1543",2009,"Alaska",21.5714285714286
"1544",2009,"Arizona",47.2307692307692
"1545",2009,"Arkansas",35.4545454545455
"1546",2009,"California",47.5660377358491
"1547",2009,"Colorado",35.0769230769231
"1548",2009,"Connecticut",36.375
"1549",2009,"Country Of Mexico",58.5
"1550",2009,"Delaware",44
"1551",2009,"District Of Columbia",49
"1552",2009,"Florida",37.4054054054054
"1553",2009,"Georgia",42.7931034482759
"1554",2009,"Hawaii",82
"1555",2009,"Idaho",24.7222222222222
"1556",2009,"Illinois",36.6538461538462
"1557",2009,"Indiana",42.0606060606061
"1558",2009,"Iowa",38.625
"1559",2009,"Kansas",31.0909090909091
"1560",2009,"Kentucky",38.0344827586207
"1561",2009,"Louisiana",39.5454545454545
"1562",2009,"Maine",32.3
"1563",2009,"Maryland",43
"1564",2009,"Massachusetts",37.25
"1565",2009,"Michigan",37.962962962963
"1566",2009,"Minnesota",33.35
"1567",2009,"Mississippi",41.1
"1568",2009,"Missouri",40.8571428571429
"1569",2009,"Montana",25
"1570",2009,"Nebraska",26.4444444444444
"1571",2009,"Nevada",36.4444444444444
"1572",2009,"New Hampshire",36.8571428571429
"1573",2009,"New Jersey",39.375
"1574",2009,"New Mexico",29.8125
"1575",2009,"New York",37.1785714285714
"1576",2009,"North Carolina",39.8333333333333
"1577",2009,"North Dakota",28.9
"1578",2009,"Ohio",37.609756097561
"1579",2009,"Oklahoma",40.9375
"1580",2009,"Oregon",30.8695652173913
"1581",2009,"Pennsylvania",41.8888888888889
"1582",2009,"Puerto Rico",18
"1583",2009,"Rhode Island",36.3333333333333
"1584",2009,"South Carolina",38.2
"1585",2009,"South Dakota",33.4444444444444
"1586",2009,"Tennessee",35.8
"1587",2009,"Texas",39.7317073170732
"1588",2009,"Utah",42
"1589",2009,"Vermont",34.6666666666667
"1590",2009,"Virgin Islands",19.6666666666667
"1591",2009,"Virginia",33.34375
"1592",2009,"Washington",28.0333333333333
"1593",2009,"West Virginia",44.1428571428571
"1594",2009,"Wisconsin",36.2857142857143
"1595",2009,"Wyoming",28.1764705882353
"1596",2010,"Alabama",45.9333333333333
"1597",2010,"Alaska",21.8571428571429
"1598",2010,"Arizona",46
"1599",2010,"Arkansas",40.2727272727273
"1600",2010,"California",45.3396226415094
"1601",2010,"Colorado",36.5555555555556
"1602",2010,"Connecticut",39.75
"1603",2010,"Country Of Mexico",60.5
"1604",2010,"Delaware",46.6666666666667
"1605",2010,"District Of Columbia",51
"1606",2010,"Florida",39.6052631578947
"1607",2010,"Georgia",46.2758620689655
"1608",2010,"Hawaii",85.3333333333333
"1609",2010,"Idaho",26.8125
"1610",2010,"Illinois",38.7692307692308
"1611",2010,"Indiana",45.7878787878788
"1612",2010,"Iowa",41.5625
"1613",2010,"Kansas",32.9090909090909
"1614",2010,"Kentucky",43.6206896551724
"1615",2010,"Louisiana",43.1363636363636
"1616",2010,"Maine",35.6
"1617",2010,"Maryland",46.4666666666667
"1618",2010,"Massachusetts",39
"1619",2010,"Michigan",38.7407407407407
"1620",2010,"Minnesota",32.6
"1621",2010,"Mississippi",44.5
"1622",2010,"Missouri",44.6666666666667
"1623",2010,"Montana",27.5
"1624",2010,"Nebraska",32.8888888888889
"1625",2010,"Nevada",35
"1626",2010,"New Hampshire",40.2857142857143
"1627",2010,"New Jersey",40.75
"1628",2010,"New Mexico",30.5625
"1629",2010,"New York",38.5185185185185
"1630",2010,"North Carolina",43.8055555555556
"1631",2010,"North Dakota",32
"1632",2010,"Ohio",44.0487804878049
"1633",2010,"Oklahoma",42.4375
"1634",2010,"Oregon",25.8695652173913
"1635",2010,"Pennsylvania",44.5833333333333
"1636",2010,"Puerto Rico",16.75
"1637",2010,"Rhode Island",39.3333333333333
"1638",2010,"South Carolina",42.4666666666667
"1639",2010,"South Dakota",34.6666666666667
"1640",2010,"Tennessee",41.9
"1641",2010,"Texas",39.4878048780488
"1642",2010,"Utah",41.1666666666667
"1643",2010,"Vermont",34.3333333333333
"1644",2010,"Virgin Islands",15
"1645",2010,"Virginia",38.9375
"1646",2010,"Washington",23.7666666666667
"1647",2010,"West Virginia",44.5714285714286
"1648",2010,"Wisconsin",38.7857142857143
"1649",2010,"Wyoming",29.7777777777778
"1650",2011,"Alabama",42.4666666666667
"1651",2011,"Alaska",24.8571428571429
"1652",2011,"Arizona",47.8461538461538
"1653",2011,"Arkansas",40.2727272727273
"1654",2011,"California",49.5660377358491
"1655",2011,"Colorado",40.1111111111111
"1656",2011,"Connecticut",39.5
"1657",2011,"Country Of Mexico",50
"1658",2011,"Delaware",44
"1659",2011,"District Of Columbia",54
"1660",2011,"Florida",37.974358974359
"1661",2011,"Georgia",46.6896551724138
"1662",2011,"Hawaii",51.25
"1663",2011,"Idaho",24.25
"1664",2011,"Illinois",36.5384615384615
"1665",2011,"Indiana",44.1212121212121
"1666",2011,"Iowa",42.25
"1667",2011,"Kansas",34.5454545454545
"1668",2011,"Kentucky",41.7931034482759
"1669",2011,"Louisiana",42.5454545454545
"1670",2011,"Maine",33.8
"1671",2011,"Maryland",45.2666666666667
"1672",2011,"Massachusetts",40.25
"1673",2011,"Michigan",38.037037037037
"1674",2011,"Minnesota",33.7
"1675",2011,"Mississippi",43.9
"1676",2011,"Missouri",43.7272727272727
"1677",2011,"Montana",27.8888888888889
"1678",2011,"Nebraska",33.5555555555556
"1679",2011,"Nevada",35.5555555555556
"1680",2011,"New Hampshire",39.8571428571429
"1681",2011,"New Jersey",41.5625
"1682",2011,"New Mexico",33.1875
"1683",2011,"New York",38.9259259259259
"1684",2011,"North Carolina",43.1944444444444
"1685",2011,"North Dakota",33.3333333333333
"1686",2011,"Ohio",40.9756097560976
"1687",2011,"Oklahoma",47.25
"1688",2011,"Oregon",26.4347826086957
"1689",2011,"Pennsylvania",43.8378378378378
"1690",2011,"Puerto Rico",16.4
"1691",2011,"Rhode Island",40
"1692",2011,"South Carolina",43.8666666666667
"1693",2011,"South Dakota",33.8888888888889
"1694",2011,"Tennessee",41
"1695",2011,"Texas",42.0731707317073
"1696",2011,"Utah",41.6428571428571
"1697",2011,"Vermont",31.25
"1698",2011,"Virgin Islands",16.5
"1699",2011,"Virginia",35.65625
"1700",2011,"Washington",24.2666666666667
"1701",2011,"West Virginia",40.6428571428571
"1702",2011,"Wisconsin",39.1785714285714
"1703",2011,"Wyoming",32.2777777777778
"1704",2012,"Alabama",40.2142857142857
"1705",2012,"Alaska",24.7142857142857
"1706",2012,"Arizona",49.5384615384615
"1707",2012,"Arkansas",38.4545454545455
"1708",2012,"California",48.9056603773585
"1709",2012,"Colorado",40.4074074074074
"1710",2012,"Connecticut",42.375
"1711",2012,"Country Of Mexico",35
"1712",2012,"Delaware",43.3333333333333
"1713",2012,"District Of Columbia",56
"1714",2012,"Florida",35.8974358974359
"1715",2012,"Georgia",42.7931034482759
"1716",2012,"Hawaii",64
"1717",2012,"Idaho",23.8666666666667
"1718",2012,"Illinois",36.9230769230769
"1719",2012,"Indiana",43.4848484848485
"1720",2012,"Iowa",42.25
"1721",2012,"Kansas",33.9090909090909
"1722",2012,"Kentucky",41.8620689655172
"1723",2012,"Louisiana",41.5454545454545
"1724",2012,"Maine",33.8
"1725",2012,"Maryland",45.2666666666667
"1726",2012,"Massachusetts",38.4166666666667
"1727",2012,"Michigan",40
"1728",2012,"Minnesota",33.7
"1729",2012,"Mississippi",40.5
"1730",2012,"Missouri",44.2272727272727
"1731",2012,"Montana",28.8421052631579
"1732",2012,"Nebraska",36.4444444444444
"1733",2012,"Nevada",38.6666666666667
"1734",2012,"New Hampshire",37.1428571428571
"1735",2012,"New Jersey",40.625
"1736",2012,"New Mexico",33.4375
"1737",2012,"New York",37.1851851851852
"1738",2012,"North Carolina",39.8611111111111
"1739",2012,"North Dakota",33.6666666666667
"1740",2012,"Ohio",42.65
"1741",2012,"Oklahoma",44.375
"1742",2012,"Oregon",27.8695652173913
"1743",2012,"Pennsylvania",44.0540540540541
"1744",2012,"Puerto Rico",19.9
"1745",2012,"Rhode Island",39
"1746",2012,"South Carolina",39.2857142857143
"1747",2012,"South Dakota",38.8888888888889
"1748",2012,"Tennessee",41.2105263157895
"1749",2012,"Texas",40.8048780487805
"1750",2012,"Utah",43.6428571428571
"1751",2012,"Vermont",30.25
"1752",2012,"Virgin Islands",12
"1753",2012,"Virginia",34.6875
"1754",2012,"Washington",26.2758620689655
"1755",2012,"West Virginia",39.7142857142857
"1756",2012,"Wisconsin",39.8928571428571
"1757",2012,"Wyoming",33.5
"1758",2013,"Alabama",37.1333333333333
"1759",2013,"Alaska",22.4285714285714
"1760",2013,"Arizona",46.4615384615385
"1761",2013,"Arkansas",34.9090909090909
"1762",2013,"California",49.6981132075472
"1763",2013,"Colorado",38.6666666666667
"1764",2013,"Connecticut",44
"1765",2013,"Country Of Mexico",27
"1766",2013,"Delaware",42
"1767",2013,"District Of Columbia",48
"1768",2013,"Florida",34.9210526315789
"1769",2013,"Georgia",38.551724137931
"1770",2013,"Hawaii",53.5
"1771",2013,"Idaho",24.2142857142857
"1772",2013,"Illinois",34.5769230769231
"1773",2013,"Indiana",41.030303030303
"1774",2013,"Iowa",39.6875
"1775",2013,"Kansas",31.7272727272727
"1776",2013,"Kentucky",38
"1777",2013,"Louisiana",38.7727272727273
"1778",2013,"Maine",34.7
"1779",2013,"Maryland",42.0666666666667
"1780",2013,"Massachusetts",38.4166666666667
"1781",2013,"Michigan",36.5925925925926
"1782",2013,"Minnesota",34.5263157894737
"1783",2013,"Mississippi",37.3
"1784",2013,"Missouri",41.0909090909091
"1785",2013,"Montana",28.2105263157895
"1786",2013,"Nebraska",29.7777777777778
"1787",2013,"Nevada",41
"1788",2013,"New Hampshire",36.8571428571429
"1789",2013,"New Jersey",39.125
"1790",2013,"New Mexico",34.125
"1791",2013,"New York",36
"1792",2013,"North Carolina",37.1666666666667
"1793",2013,"North Dakota",37.1111111111111
"1794",2013,"Ohio",38.125
"1795",2013,"Oklahoma",41
"1796",2013,"Oregon",32.6086956521739
"1797",2013,"Pennsylvania",41.9736842105263
"1798",2013,"Puerto Rico",17.5
"1799",2013,"Rhode Island",39.3333333333333
"1800",2013,"South Carolina",34.4285714285714
"1801",2013,"South Dakota",37.4444444444444
"1802",2013,"Tennessee",39.2608695652174
"1803",2013,"Texas",39.1463414634146
"1804",2013,"Utah",44.5
"1805",2013,"Vermont",30.25
"1806",2013,"Virgin Islands",13.5
"1807",2013,"Virginia",32.0625
"1808",2013,"Washington",27.448275862069
"1809",2013,"West Virginia",35.7857142857143
"1810",2013,"Wisconsin",38.25
"1811",2013,"Wyoming",36.7777777777778
"1812",2014,"Alabama",38.3333333333333
"1813",2014,"Alaska",26.2857142857143
"1814",2014,"Arizona",46.2307692307692
"1815",2014,"Arkansas",33.3636363636364
"1816",2014,"California",49.377358490566
"1817",2014,"Colorado",35.5925925925926
"1818",2014,"Connecticut",41.875
"1819",2014,"Country Of Mexico",65
"1820",2014,"Delaware",44.6666666666667
"1821",2014,"District Of Columbia",47
"1822",2014,"Florida",36.2307692307692
"1823",2014,"Georgia",40.9310344827586
"1824",2014,"Hawaii",48.75
"1825",2014,"Idaho",25.0909090909091
"1826",2014,"Illinois",34.3846153846154
"1827",2014,"Indiana",40.9142857142857
"1828",2014,"Iowa",38.25
"1829",2014,"Kansas",33.0909090909091
"1830",2014,"Kentucky",38.5862068965517
"1831",2014,"Louisiana",38.3181818181818
"1832",2014,"Maine",34.2
"1833",2014,"Maryland",43.0625
"1834",2014,"Massachusetts",38.4615384615385
"1835",2014,"Michigan",37.7037037037037
"1836",2014,"Minnesota",32.25
"1837",2014,"Mississippi",38.3
"1838",2014,"Missouri",39.0909090909091
"1839",2014,"Montana",27.2631578947368
"1840",2014,"Nebraska",27.6666666666667
"1841",2014,"Nevada",41
"1842",2014,"New Hampshire",37.4285714285714
"1843",2014,"New Jersey",39.625
"1844",2014,"New Mexico",32.5625
"1845",2014,"New York",35.5925925925926
"1846",2014,"North Carolina",38.9444444444444
"1847",2014,"North Dakota",35
"1848",2014,"Ohio",38.425
"1849",2014,"Oklahoma",40.5
"1850",2014,"Oregon",27.695652173913
"1851",2014,"Pennsylvania",42.3421052631579
"1852",2014,"Puerto Rico",18.4
"1853",2014,"Rhode Island",37
"1854",2014,"South Carolina",39.1428571428571
"1855",2014,"South Dakota",33.2222222222222
"1856",2014,"Tennessee",39.0869565217391
"1857",2014,"Texas",38.390243902439
"1858",2014,"Utah",41.2142857142857
"1859",2014,"Vermont",29
"1860",2014,"Virgin Islands",34
"1861",2014,"Virginia",33.4193548387097
"1862",2014,"Washington",25.1724137931034
"1863",2014,"West Virginia",36.1428571428571
"1864",2014,"Wisconsin",37.1851851851852
"1865",2014,"Wyoming",35.9444444444444
"1866",2015,"Alabama",39.9333333333333
"1867",2015,"Alaska",25.8571428571429
"1868",2015,"Arizona",43.6153846153846
"1869",2015,"Arkansas",32.4545454545455
"1870",2015,"California",48.4339622641509
"1871",2015,"Colorado",34.5555555555556
"1872",2015,"Connecticut",41
"1873",2015,"Country Of Mexico",73
"1874",2015,"Delaware",43.6666666666667
"1875",2015,"District Of Columbia",47
"1876",2015,"Florida",34.5128205128205
"1877",2015,"Georgia",37.7241379310345
"1878",2015,"Hawaii",52.25
"1879",2015,"Idaho",23.8571428571429
"1880",2015,"Illinois",34.7692307692308
"1881",2015,"Indiana",38.4571428571429
"1882",2015,"Iowa",36.625
"1883",2015,"Kansas",32.2727272727273
"1884",2015,"Kentucky",38.7857142857143
"1885",2015,"Louisiana",36.7272727272727
"1886",2015,"Maine",35
"1887",2015,"Maryland",43.4375
"1888",2015,"Massachusetts",36.2307692307692
"1889",2015,"Michigan",36.7037037037037
"1890",2015,"Minnesota",31.9
"1891",2015,"Mississippi",36.6
"1892",2015,"Missouri",35.8260869565217
"1893",2015,"Montana",28.4736842105263
"1894",2015,"Nebraska",28.5555555555556
"1895",2015,"Nevada",39.5555555555556
"1896",2015,"New Hampshire",37.4285714285714
"1897",2015,"New Jersey",39.625
"1898",2015,"New Mexico",30.25
"1899",2015,"New York",36.1481481481481
"1900",2015,"North Carolina",38.6388888888889
"1901",2015,"North Dakota",35.3333333333333
"1902",2015,"Ohio",37.575
"1903",2015,"Oklahoma",38.2
"1904",2015,"Oregon",28.8695652173913
"1905",2015,"Pennsylvania",42.2105263157895
"1906",2015,"Puerto Rico",19.8888888888889
"1907",2015,"Rhode Island",39.6666666666667
"1908",2015,"South Carolina",37.5714285714286
"1909",2015,"South Dakota",33.3
"1910",2015,"Tennessee",37.0869565217391
"1911",2015,"Texas",37.5
"1912",2015,"Utah",40.5
"1913",2015,"Vermont",29
"1914",2015,"Virgin Islands",37.5
"1915",2015,"Virginia",33.5806451612903
"1916",2015,"Washington",27.1724137931034
"1917",2015,"West Virginia",35.2142857142857
"1918",2015,"Wisconsin",36.3214285714286
"1919",2015,"Wyoming",35.4444444444444
"1920",2016,"Alabama",40.0666666666667
"1921",2016,"Alaska",24.1428571428571
"1922",2016,"Arizona",45.6923076923077
"1923",2016,"Arkansas",33.5454545454545
"1924",2016,"California",46.8490566037736
"1925",2016,"Colorado",33.5925925925926
"1926",2016,"Connecticut",40.25
"1927",2016,"Country Of Mexico",63
"1928",2016,"Delaware",41.3333333333333
"1929",2016,"District Of Columbia",47
"1930",2016,"Florida",37.1282051282051
"1931",2016,"Georgia",38.4827586206897
"1932",2016,"Hawaii",54.25
"1933",2016,"Idaho",23.6190476190476
"1934",2016,"Illinois",32.5925925925926
"1935",2016,"Indiana",35.7714285714286
"1936",2016,"Iowa",34.75
"1937",2016,"Kansas",31.9090909090909
"1938",2016,"Kentucky",39.3571428571429
"1939",2016,"Louisiana",37.3181818181818
"1940",2016,"Maine",33.4
"1941",2016,"Maryland",41.1875
"1942",2016,"Massachusetts",35.7692307692308
"1943",2016,"Michigan",34.8518518518519
"1944",2016,"Minnesota",28.65
"1945",2016,"Mississippi",37.5
"1946",2016,"Missouri",34
"1947",2016,"Montana",26.6842105263158
"1948",2016,"Nebraska",26.7777777777778
"1949",2016,"Nevada",36.7777777777778
"1950",2016,"New Hampshire",36
"1951",2016,"New Jersey",39.625
"1952",2016,"New Mexico",30.5625
"1953",2016,"New York",35.4074074074074
"1954",2016,"North Carolina",36.6756756756757
"1955",2016,"North Dakota",32.4444444444444
"1956",2016,"Ohio",36.7
"1957",2016,"Oklahoma",38.7777777777778
"1958",2016,"Oregon",24.6363636363636
"1959",2016,"Pennsylvania",40.5263157894737
"1960",2016,"Puerto Rico",19
"1961",2016,"Rhode Island",37
"1962",2016,"South Carolina",38.1333333333333
"1963",2016,"South Dakota",30.9
"1964",2016,"Tennessee",37.5217391304348
"1965",2016,"Texas",33.0869565217391
"1966",2016,"Utah",39.5
"1967",2016,"Vermont",29
"1968",2016,"Virgin Islands",27
"1969",2016,"Virginia",31.9354838709677
"1970",2016,"Washington",24.1034482758621
"1971",2016,"West Virginia",34.3571428571429
"1972",2016,"Wisconsin",34.6428571428571
"1973",2016,"Wyoming",37
"1974",2017,"Alabama",38.9333333333333
"1975",2017,"Alaska",22
"1976",2017,"Arizona",47.2307692307692
"1977",2017,"Arkansas",37.0909090909091
"1978",2017,"California",49.0377358490566
"1979",2017,"Colorado",35.3333333333333
"1980",2017,"Connecticut",38.375
"1981",2017,"Country Of Mexico",50
"1982",2017,"Delaware",41.3333333333333
"1983",2017,"District Of Columbia",51
"1984",2017,"Florida",36.8974358974359
"1985",2017,"Georgia",37.6896551724138
"1986",2017,"Hawaii",52.5
"1987",2017,"Idaho",27.3809523809524
"1988",2017,"Illinois",36.2307692307692
"1989",2017,"Indiana",36.25
"1990",2017,"Iowa",36.4375
"1991",2017,"Kansas",32.6363636363636
"1992",2017,"Kentucky",39.0714285714286
"1993",2017,"Louisiana",35
"1994",2017,"Maine",35.2
"1995",2017,"Maryland",39.7647058823529
"1996",2017,"Massachusetts",37.4615384615385
"1997",2017,"Michigan",35.5185185185185
"1998",2017,"Minnesota",31.55
"1999",2017,"Mississippi",36.4
"2000",2017,"Missouri",35.7916666666667
"2001",2017,"Montana",30.8947368421053
"2002",2017,"Nebraska",28.5555555555556
"2003",2017,"Nevada",38.1111111111111
"2004",2017,"New Hampshire",36
"2005",2017,"New Jersey",38.4375
"2006",2017,"New Mexico",31.875
"2007",2017,"New York",34.1071428571429
"2008",2017,"North Carolina",36.3783783783784
"2009",2017,"North Dakota",35.6
"2010",2017,"Ohio",35.4634146341463
"2011",2017,"Oklahoma",37.2222222222222
"2012",2017,"Oregon",28.695652173913
"2013",2017,"Pennsylvania",40.6842105263158
"2014",2017,"Puerto Rico",20.6
"2015",2017,"Rhode Island",34.3333333333333
"2016",2017,"South Carolina",37.2666666666667
"2017",2017,"South Dakota",31.6
"2018",2017,"Tennessee",36.8260869565217
"2019",2017,"Texas",33.0416666666667
"2020",2017,"Utah",44.2142857142857
"2021",2017,"Vermont",29.25
"2022",2017,"Virgin Islands",19.5
"2023",2017,"Virginia",31.1212121212121
"2024",2017,"Washington",26.9666666666667
"2025",2017,"West Virginia",31.5625
"2026",2017,"Wisconsin",35.6785714285714
"2027",2017,"Wyoming",38.4705882352941
"2028",2018,"Alabama",36.6
"2029",2018,"Alaska",22
"2030",2018,"Arizona",44.9230769230769
"2031",2018,"Arkansas",35.4545454545455
"2032",2018,"California",48.7924528301887
"2033",2018,"Colorado",36.7037037037037
"2034",2018,"Connecticut",37.625
"2035",2018,"Country Of Mexico",55.5
"2036",2018,"Delaware",40
"2037",2018,"District Of Columbia",44
"2038",2018,"Florida",34.6923076923077
"2039",2018,"Georgia",34.7931034482759
"2040",2018,"Hawaii",37.75
"2041",2018,"Idaho",26.1904761904762
"2042",2018,"Illinois",35.0740740740741
"2043",2018,"Indiana",34.6388888888889
"2044",2018,"Iowa",38.1875
"2045",2018,"Kansas",32.6363636363636
"2046",2018,"Kentucky",37.8888888888889
"2047",2018,"Louisiana",33.6521739130435
"2048",2018,"Maine",35
"2049",2018,"Maryland",37.6470588235294
"2050",2018,"Massachusetts",36.9230769230769
"2051",2018,"Michigan",35.4814814814815
"2052",2018,"Minnesota",32
"2053",2018,"Mississippi",37.5
"2054",2018,"Missouri",34.125
"2055",2018,"Montana",29.4210526315789
"2056",2018,"Nebraska",27.5555555555556
"2057",2018,"Nevada",37
"2058",2018,"New Hampshire",35.2857142857143
"2059",2018,"New Jersey",38.4375
"2060",2018,"New Mexico",33.1875
"2061",2018,"New York",33.25
"2062",2018,"North Carolina",35.2432432432432
"2063",2018,"North Dakota",35.6
"2064",2018,"Ohio",34.7380952380952
"2065",2018,"Oklahoma",36.1666666666667
"2066",2018,"Oregon",29.1304347826087
"2067",2018,"Pennsylvania",36.975
"2068",2018,"Puerto Rico",22.875
"2069",2018,"Rhode Island",35
"2070",2018,"South Carolina",35.4
"2071",2018,"South Dakota",32.1
"2072",2018,"Tennessee",35.1739130434783
"2073",2018,"Texas",32.1041666666667
"2074",2018,"Utah",44.2666666666667
"2075",2018,"Vermont",29.75
"2076",2018,"Virgin Islands",24.3333333333333
"2077",2018,"Virginia",29.1515151515152
"2078",2018,"Washington",26.1
"2079",2018,"West Virginia",28.5625
"2080",2018,"Wisconsin",37.9285714285714
"2081",2018,"Wyoming",39.5555555555556
"2082",2019,"Alabama",39
"2083",2019,"Alaska",19.2222222222222
"2084",2019,"Arizona",42.7692307692308
"2085",2019,"Arkansas",36.8181818181818
"2086",2019,"California",43.8301886792453
"2087",2019,"Colorado",34.0714285714286
"2088",2019,"Connecticut",39.5
"2089",2019,"Country Of Mexico",57.5
"2090",2019,"Delaware",42.3333333333333
"2091",2019,"District Of Columbia",44
"2092",2019,"Florida",35.6923076923077
"2093",2019,"Georgia",38.551724137931
"2094",2019,"Hawaii",18.25
"2095",2019,"Idaho",23.8095238095238
"2096",2019,"Illinois",35.5185185185185
"2097",2019,"Indiana",35.5
"2098",2019,"Iowa",34.4375
"2099",2019,"Kansas",32
"2100",2019,"Kentucky",38.2222222222222
"2101",2019,"Louisiana",34.3913043478261
"2102",2019,"Maine",33.7
"2103",2019,"Maryland",38
"2104",2019,"Massachusetts",37.5384615384615
"2105",2019,"Michigan",34.4074074074074
"2106",2019,"Minnesota",29.2857142857143
"2107",2019,"Mississippi",38.6
"2108",2019,"Missouri",38.8333333333333
"2109",2019,"Montana",26.3157894736842
"2110",2019,"Nebraska",24.5555555555556
"2111",2019,"Nevada",34
"2112",2019,"New Hampshire",34.1428571428571
"2113",2019,"New Jersey",39.4375
"2114",2019,"New Mexico",31.1875
"2115",2019,"New York",34.1785714285714
"2116",2019,"North Carolina",36.4473684210526
"2117",2019,"North Dakota",32.9
"2118",2019,"Ohio",35.5
"2119",2019,"Oklahoma",34.7894736842105
"2120",2019,"Oregon",27.0434782608696
"2121",2019,"Pennsylvania",37.7317073170732
"2122",2019,"Puerto Rico",19.4
"2123",2019,"Rhode Island",37
"2124",2019,"South Carolina",39.6
"2125",2019,"South Dakota",31.2
"2126",2019,"Tennessee",36
"2127",2019,"Texas",33.3958333333333
"2128",2019,"Utah",42.2
"2129",2019,"Vermont",29
"2130",2019,"Virgin Islands",21
"2131",2019,"Virginia",31.3333333333333
"2132",2019,"Washington",25.5
"2133",2019,"West Virginia",29.75
"2134",2019,"Wisconsin",34.9285714285714
"2135",2019,"Wyoming",38.8333333333333
"2136",2020,"Alabama",34.5333333333333
"2137",2020,"Alaska",16.1111111111111
"2138",2020,"Arizona",47.3076923076923
"2139",2020,"Arkansas",33
"2140",2020,"California",48.0188679245283
"2141",2020,"Colorado",34.3571428571429
"2142",2020,"Connecticut",39.125
"2143",2020,"Country Of Mexico",78
"2144",2020,"Delaware",38
"2145",2020,"District Of Columbia",40
"2146",2020,"Florida",35.0512820512821
"2147",2020,"Georgia",33.1724137931034
"2148",2020,"Hawaii",17.5
"2149",2020,"Idaho",25.047619047619
"2150",2020,"Illinois",33.4444444444444
"2151",2020,"Indiana",33.9166666666667
"2152",2020,"Iowa",33.8125
"2153",2020,"Kansas",31.2727272727273
"2154",2020,"Kentucky",34.4444444444444
"2155",2020,"Louisiana",32.6086956521739
"2156",2020,"Maine",33.5
"2157",2020,"Maryland",33.2352941176471
"2158",2020,"Massachusetts",36.5384615384615
"2159",2020,"Michigan",32.9259259259259
"2160",2020,"Minnesota",28.952380952381
"2161",2020,"Mississippi",37.2
"2162",2020,"Missouri",35.7083333333333
"2163",2020,"Montana",25.6315789473684
"2164",2020,"Nebraska",24.7777777777778
"2165",2020,"Nevada",36.2222222222222
"2166",2020,"New Hampshire",34.7142857142857
"2167",2020,"New Jersey",36.9375
"2168",2020,"New Mexico",30.625
"2169",2020,"New York",32.8214285714286
"2170",2020,"North Carolina",31.0263157894737
"2171",2020,"North Dakota",30.2
"2172",2020,"Ohio",31.6363636363636
"2173",2020,"Oklahoma",33.25
"2174",2020,"Oregon",27.4347826086957
"2175",2020,"Pennsylvania",35.7560975609756
"2176",2020,"Puerto Rico",17.8181818181818
"2177",2020,"Rhode Island",34.3333333333333
"2178",2020,"South Carolina",31.3333333333333
"2179",2020,"South Dakota",33.1
"2180",2020,"Tennessee",32.5652173913044
"2181",2020,"Texas",31.4615384615385
"2182",2020,"Utah",41.0666666666667
"2183",2020,"Vermont",28.75
"2184",2020,"Virgin Islands",19
"2185",2020,"Virginia",27.6060606060606
"2186",2020,"Washington",24.0645161290323
"2187",2020,"West Virginia",26.25
"2188",2020,"Wisconsin",34.9285714285714
"2189",2020,"Wyoming",35.5555555555556
"2190",2021,"Alabama",41
"2191",2021,"Alaska",39
"2192",2021,"Arizona",47.6153846153846
"2193",2021,"Arkansas",32.1818181818182
"2194",2021,"California",34.75
"2195",2021,"Colorado",31.7916666666667
"2196",2021,"Connecticut",33
"2197",2021,"Country Of Mexico",80
"2198",2021,"Florida",34.5
"2199",2021,"Georgia",32.8636363636364
"2200",2021,"Hawaii",8
"2201",2021,"Idaho",29
"2202",2021,"Illinois",33.037037037037
"2203",2021,"Indiana",34.7941176470588
"2204",2021,"Iowa",39.25
"2205",2021,"Kentucky",31
"2206",2021,"Louisiana",32.2
"2207",2021,"Maine",37.7
"2208",2021,"Maryland",31.5
"2209",2021,"Massachusetts",32.7692307692308
"2210",2021,"Michigan",26.0769230769231
"2211",2021,"Minnesota",31
"2212",2021,"Mississippi",37
"2213",2021,"Missouri",29.4666666666667
"2214",2021,"Montana",32.6666666666667
"2215",2021,"Nebraska",26.125
"2216",2021,"Nevada",44
"2217",2021,"New Hampshire",35
"2218",2021,"New Jersey",32
"2219",2021,"New Mexico",34.5
"2220",2021,"New York",35.5
"2221",2021,"North Carolina",30.9722222222222
"2222",2021,"North Dakota",30.2222222222222
"2223",2021,"Ohio",27.7272727272727
"2224",2021,"Oklahoma",39
"2225",2021,"Oregon",25
"2226",2021,"Pennsylvania",33.4722222222222
"2227",2021,"Rhode Island",30.6666666666667
"2228",2021,"South Carolina",34.4285714285714
"2229",2021,"Tennessee",34.1666666666667
"2230",2021,"Texas",28.6206896551724
"2231",2021,"Utah",39.7142857142857
"2232",2021,"Virginia",13.6666666666667
"2233",2021,"Washington",32.3333333333333
"2234",2021,"West Virginia",26.1538461538462
"2235",2021,"Wisconsin",39.2
"2236",2021,"Wyoming",33.6
