Country,Features,Region,1980,1981,1982,1983,1984,1985,1986,1987,1988,1989,1990,1991,1992,1993,1994,1995,1996,1997,1998,1999,2000,2001,2002,2003,2004,2005,2006,2007,2008,2009,2010,2011,2012,2013,2014,2015,2016,2017,2018,2019,2020,2021
        Afghanistan,net consumption,Asia & Oceania,0.87606,0.92256,0.88536,0.93,0.94767,0.96162,1.05555,1.13274,1.0044,1.01277,1.02114,1.04477,0.76805,0.72961,0.75017,0.68544,0.62057,0.56407,0.5278,0.52315,0.442,0.567,0.657,0.889,0.844,0.889,1.069,1.345,1.28001,1.8731,2.2043,2.6133,3.549,4.2284,4.349,4.4402,4.9577,5.26056,5.51093,5.31469,5.28916,5.530597212
        Albania,net consumption,Europe,2.974,2.987,2.981,2.975,2.977,3.039,3.027,3.441,3.205,3.431,1.659,1.715,1.443,1.727,2.017,2.152,2.79,2.084,2.2,3.482,3.68836,3.48978,4.48556,4.04258,4.0516,5.1278,3.16042,3.58068,5.06626,5.42946,4.44145,6.54566,6.78935,7.25992,6.62569,5.98605,7.50528,6.119331,6.39826,6.500145,6.65637,7.415870874
        Algeria,net consumption,Africa,5.915,6.713,7.733,8.207,8.959,9.686,10.343,11.119,11.954,12.19,12.734,13.034,14.035,14.039,14.365,14.474,15.172,15.365,16.905,18.492,19.71552,20.64764,21.62354,23.61164,24.42506,27.5164,26.91052,28.3348,30.49982,28.315,33.8405,38.13478,42.8675,45.2014,49.20572,53.45544,55.82304,60.28346,62.11403,66.646,63.69490277,68.66337919
        American Samoa,net consumption,Asia & Oceania,0.0651,0.06231,0.06231,0.06603,0.06417,0.07719,0.06975,0.07533,0.08463,0.0837,0.08742,0.09486,0.09486,0.10695,0.11346,0.11997,0.12462,0.13113,0.13671,0.14136,0.159,0.161,0.168,0.177,0.177,0.178,0.181,0.184,0.187,0.178,0.159,0.155,0.1579,0.158,0.158,0.165,0.173,0.172,0.156,0.156,0.146212562,0.155598053
        Angola,net consumption,Africa,0.736,0.737,0.815,0.832,0.86,0.826,0.886,0.894,0.893,0.899,0.958,0.899,1.013,1.062,1.071,1.074,1.085,1.216,1.328,1.106,1.19302,1.35274,1.45868,1.64976,1.59608,2.06798,2.85054,2.7178,3.64768,4.13154,4.69024,4.88636,5.33508,7.05006,8.14866,8.23114,9.036511,9.468667,11.384079,13.658591,14.754764,14.56049071
        Antarctica,net consumption,Central & South America,0,0,0,0,0,0,0,0,0,0,0,0,0,0,0,0,0,0,0,0,0,0,0,0,0,0.00186,0.00186,0.00186,0.00186,0.00372,0.00372,0.00372,0.000465,0.000465,0.000465,0.00093,0.00093,0,0,0,0,0
        Antigua and Barbuda,net consumption,Central & South America,0.05208,0.05487,0.05766,0.06324,0.06603,0.06696,0.07533,0.07905,0.07998,0.08184,0.08277,0.08277,0.08277,0.08277,0.08463,0.08556,0.08556,0.08649,0.08835,0.08835,0.141,0.161,0.18,0.198,0.208,0.228,0.243,0.263,0.271,0.308,0.3192,0.3185,0.3105,0.3106,0.3166,0.325355,0.328,0.329142,0.28,0.276,0.262424051,0.28587519
        Argentina,net consumption,Central & South America,36.845,35.594,36.003,35.484,37.739,37.373,39.01,42.152,42.22,39.924,37.105,39.655,45.292,48.407,49.934,54.938,57.928,62.78,67.908,70.43,73.22606,75.3954,72.47154,79.1119,83.65271,88.60102,99.04709,100.1531,103.69982,104.3041,111.17157,113.58529,117.71058,117.67703,123.61153,128.650162,128.457123,125.838716,125.4050962,122.7998624,122.5348813,126.7355285
        Armenia,net consumption,Eurasia,-20,-20,-20,-20,-20,-20,-20,-20,-20,-20,-20,-20,6.358,3.724,3.273,2.858,3.486,4.281,3.671,3.88,3.69148,3.6946,3.44126,3.69574,4.19614,4.16382,4.43884,4.776465,4.55743,4.48976,4.63072,4.9886,5.04306,5.19162,5.29666,5.32894,5.29114,5.57268,5.35326,5.79847,5.86704,6.13238676
        Aruba,net consumption,Central & South America,-20,-20,-20,-20,-20,-20,0.25482,0.27807,0.28644,0.31062,0.29574,0.29667,0.29853,0.46407,0.4929,0.53847,0.56079,0.59055,0.63798,0.64542,0.652,0.6253,0.6431,0.6508,0.677,0.7038,0.7061,0.7251,0.7097,0.7486,0.7394,0.7238,0.7186,0.7462,0.7533,0.7678,0.751512,0.763712,0.739712,0.761712,0.720647339,0.7676192
Australia,net consumption,Asia & Oceania,78.227,81.717,88.356,89.591,95.546,99.889,106.969,111.642,120.921,128.119,135.404,137.996,140.1334,143.988,147.502,152.334,156.54566,161.721,172.088,176.177,182.96956,193.37082,199.56076,202.29056,211.34346,200.1373,204.131836,214.773976,214.640056,222.689996,219.107043,225.966257,220.378073,217.885825,232.303085,219.056959,231.72609,238.498993,238.8835944,238.6344388,239.4844909,237.485875
        Austria,net consumption,Europe,33.974,33.937,34.472,35.164,37.034,38.56,39.02,30.376,41.956,43.323,44.305,47.242,47.107,46.183,46.871,47.945,49.725,50.322,51.118,52.336,53.33642,55.44718,55.9188,57.81084,58.96108,60.53582,62.95548,63.31914,63.38822,60.781,63.023378,63.095032,64.017145,64.531622,63.511077,64.664019,65.552597,66.554708,66.831206,68.6259317,66.7428936,68.5343248
        Azerbaijan,net consumption,Eurasia,-20,-20,-20,-20,-20,-20,-20,-20,-20,-20,-20,-20,15.248,14.334,14.594,13.724,13.614,14.12,14.76,15.118,15.4061,15.56992,16.13262,18.30104,19.08472,17.26646,19.43242,16.98402,16.69734,13.48152,13.56822,14.55992,17.79298,18.38626,19.59206,20.27446,20.23628,19.53536,20.28678,21.02663,21.31544,24.618773
        Bahrain,net consumption,Middle East,1.44522,1.58007,1.74933,1.93719,2.178,2.553,2.807,2.829,3.065,3.08,3.039,3.128,3.466,3.788,4.113,4.273,4.499,4.653,4.967,5.206,12.466,13.148,13.795,14.452,14.501,17.794,19.346,20.024,19.322,19.337,20.95356,22.51372,22.6403,23.86184,25.06007,26.17121,26.19365,26.89075,27.44649,31.039,29.46138729,31.37811543
        Bangladesh,net consumption,Asia & Oceania,1.834,2.231,2.565,2.676,2.989,3.135,3.58,3.765,4.121,5.019,5.022,5.49,6.65,7.513,8.237,8.616,8.989,9.38802,10.16605,11.3391,12.456,13.98606,15.22806,16.31784,21.23052,23.476,27.467,27.606,28.035,30.855,34.166931,37.133816,40.035069,43.003294,48.034271,48.25778,58.132,62.155178,65.97131,76.759722,72.96417473,77.67773423
        Barbados,net consumption,Central & South America,0.261,0.265,0.277,0.264,0.305,0.312,0.322,0.364,0.385,0.376,0.396,0.46,0.477,0.474,0.498,0.529,0.564,0.599,0.615,0.662,0.703,0.735,0.771,0.81,0.836,0.891,0.9134,0.9379,0.968,0.978,0.917,0.921,1.021,0.916,0.921,0.962,0.985,0.989,0.986,0.95811,0.930474298,1.005727309
        Belarus,net consumption,Eurasia,-20,-20,-20,-20,-20,-20,-20,-20,-20,-20,-20,-20,38.66,33.326,29.627,26.951,27.091,28.506,26.322,28.436,28.36256,24.70802,26.35038,26.59406,29.01344,29.5093,30.36508,30.4917,31.03038,29.46572,31.71764,32.42488,33.12424,32.62946,32.76518,31.7157,31.6923,32.16826,32.83396,32.6335,32.9749,40.83656734
        Belgium,net consumption,Europe,45.18,45.201,44.89,46.045,48.247,50.037,51.298,53.794,56.049,57.832,59.032,61.818,63.968,64.663,67.735,69.71,71.19,73.00595,74.89311,75.298,78.53076,79.28752,80.098,81.41356,83.52596,83.06408,85.5111,85.21944,85.33778,79.07678,87.404352,84.733665,85.166338,85.228951,83.249713,84.153489,84.355224,84.94295,85.3523042,84.4756648,81.9030948,83.4132299
        Belize,net consumption,Central & South America,0.08463,0.08556,0.08649,0.08835,0.09579,0.09951,0.1023,0.10695,0.11625,0.11997,0.13206,0.14694,0.15996,0.17484,0.16275,0.16926,0.17298,0.186,0.178746,0.187116,0.1502,0.271941,0.296934,0.324243,0.353784,0.370035,0.380178,0.402203,0.422099,0.412752219,0.596803289,0.554656772,0.661553567,0.632498108,0.6693802,0.7250543,0.7047801,0.9204152,0.9569149,1.18288,0.900915428,0.925221695
        Benin,net consumption,Africa,0.101,0.115,0.155,0.155,0.137,0.142,0.14,0.135,0.131,0.15,0.165,0.176,0.229,0.221,0.252,0.242,0.2787,0.2797,0.2707,0.3147,0.39008,0.39516,0.39834,0.48832,0.5402,0.58264,0.606,0.65898,0.73544,0.77838,0.90716,0.90394,0.93312,0.93648,0.93366,1.08156,1.06104,1.125821,1.187964,0.9297,0.52408,0.523382994
        Bermuda,net consumption,North America,0.28923,0.2976,0.30783,0.32085,0.33294,0.3441,0.35991,0.38037,0.40083,0.40734,0.42873,0.44826,0.45198,0.45291,0.46035,0.4557,0.45942,0.46314,0.4743,0.5115,0.595,0.643681818,0.643,0.624,0.627164,0.652436,0.666401,0.67555,0.685,0.69372,0.686411,0.674,0.658,0.637,0.62,0.634,0.625,0.5883,0.5645,0.533434,0.504404156,0.539310022
        Bhutan,net consumption,Asia & Oceania,0.01988,0.0246,0.02746,0.02446,0.0276,0.03123,0.03772,0.0431,0.03876,0.04469,0.04764,0.05673,0.05065,0.07565,0.09087,0.12488,0.24529,0.38853,0.31412,0.29419,0.4,0.46904,0.5484,0.5543,0.5968,0.8078,1.86295,0.99431,0.96725,1.57314,1.78881,1.71986,1.82483,2.00423,2.08138,2.06929,1.93831,1.98431,2.25854,2.37475,2.524977979,3.268873742
        Bolivia,net consumption,Central & South America,1.426,1.5,1.527,1.504,1.365,1.331,1.283,1.318,1.628,1.717,1.813,2.006,1.983,2.014,2.366,2.542,2.721,2.923,3.093,3.314,3.39614,3.37718,3.48538,3.60254,3.76486,4.194,4.539281,4.922107,4.913,5.185,5.66444,6.08194,6.57224,6.9279,7.39646,7.812,8.0478,8.309349,8.532636,9.08876,8.894731,9.676011123
        Bosnia and Herzegovina,net consumption,Europe,-20,-20,-20,-20,-20,-20,-20,-20,-20,-20,-20,-20,5.324,3.157,3.554,3.205,3.916,4.373,5.484,5.105,7.3399,7.38858,7.48098,7.8861,8.27506,8.54176,8.47288,8.45802,10.56564,10.17526,11.06712,11.54542,11.90898,11.6261,11.3385,11.44932,11.87153,12.20166,12.25308,11.65745,10.41152,11.4477785
        Botswana,net consumption,Africa,0.41199,0.47686,0.53677,0.56362,0.59985,0.64708,0.74034,0.85878,0.816,0.80621,0.87636,0.92347,1.09184,1.11411,1.28092,1.31371,1.39087,1.5571,1.571,1.749,1.71218,2.0224,2.19824,2.36456,2.47878,2.57598,2.663,2.754,2.953,2.829,3.15208,3.15432,3.209,3.34768,3.60528,3.73004,3.61584,3.5528,3.651212,4.162138,3.22213,3.35303816
        Brazil,net consumption,Central & South America,121.7838,124.1572,131.69046,145.44532,161.9187,171.04538,186.48074,190.47542,200.76276,208.72774,212.64456,222.44502,228.10914,239.094122,247.990752,261.50987,277.74329,290.86791,302.90687,310.61948,321.99852,304.48298,318.97716,336.86862,353.29366,367.88328,382.53928,404.16758,419.80854,418.53774,459.68232,475.7648,493.05156,508.82972,522.46688,512.906384,513.88606,519.883011,531.1582795,537.9698027,533.36096,577.2953567
        British Virgin Islands,net consumption,Central & South America,0.02046,0.02232,0.02325,0.02232,0.02511,0.02697,0.03069,0.03441,0.0372,0.03813,0.03906,0.03906,0.03906,0.03906,0.03906,0.03906,0.03906,0.03906,0.03906,0.03906,0.03,0.028095238,0.027,0.031,0.031,0.0875,0.0948,0.0904,0.0982,0.131,0.168111,0.160661,0.165961,0.168161,0.175229,0.175028,0.177478,0.121208,0.117858,0.117798,0.10886238,0.117269621
        Brunei,net consumption,Asia & Oceania,0.424,0.459,0.51,0.653,0.749,0.819,0.867,0.892,0.998,1.038,1.11,1.178,1.237,1.39,1.515,1.779,1.953,2.234,2.324,2.26,2.36142,2.11726,2.19894,2.60754,2.94616,2.89416,2.92412,3.0263,3.05362,3.17728,3.19648,3.23262,3.45132,3.729,3.94676,3.67812,3.77086,3.4267,3.55548,4.14014,3.963896567,4.245993947
        Bulgaria,net consumption,Europe,33.232,34.575,36.871,38.5,40.173,39.663,39.141,40.877,41.992,42.68,38.786,33.505,29.857,30.235,30.2755,33.218,34.733,30.066,30.012,27.362,27.4082,27.33136,28.27948,28.01322,27.82862,28.7814,30.03836,31.084732,31.71058,30.04748,30.18372,31.67922,31.1471,30.39022,30.8615,29.719049,30.268008,31.474095,30.5964996,30.1619512,29.6623552,30.32132826
        Burkina Faso,net consumption,Africa,0.09114,0.10044,0.10695,0.10881,0.10509,0.10695,0.11346,0.12369,0.13299,0.14229,0.16182,0.16926,0.1767,0.19065,0.19158,0.21576,0.24459,0.26226,0.29016,0.32364,0.269,0.3297,0.41842,0.444862,0.492034,0.532768,0.573925,0.60252,0.629733,0.707016,0.9157,1.07388,1.24784,1.35648,1.431962,1.69966,1.9974,2.06792,2.2648,2.651386,2.467133174,2.642688237
        Burma,net consumption,Asia & Oceania,1.11,1.022,1.102,1.139,1.246,1.514,1.538,1.571,1.417,1.546,1.734,1.614,1.771,2.055,2.207,2.349,2.407,2.719,2.759,2.919,3.30344,3.03898,3.40558,3.801,3.69394,3.45486,4.15366,4.2382,4.50894,4.83952,5.03532,6.9476,7.96104,9.53356,11.08232,13.14574,12.77562,16.18499,17.988794,19.05268,18.63952487,17.31460198
        Burundi,net consumption,Africa,0.04179,0.04472,0.04072,0.05925,0.07313,0.08571,0.08366,0.10035,0.10872,0.10879,0.11737,0.12716,0.12158,0.1373,0.15088,0.13967,0.14474,0.14753,0.13223,0.12707,0.13,0.126,0.133,0.125,0.128,0.14,0.144,0.165,0.157,0.18,0.2039,0.206,0.209,0.237,0.238,0.236,0.244,0.339,0.328878,0.415946,0.410520748,0.417981972
        Cabo Verde,net consumption,Africa,0.01395,0.01395,0.01953,0.02046,0.02418,0.02511,0.02604,0.02883,0.03069,0.03069,0.03627,0.0465,0.05301,0.06138,0.06975,0.07254,0.07719,0.08184,0.08928,0.1023,0.1172,0.11772,0.14026,0.151376,0.165415,0.181117,0.181931,0.18524,0.19344,0.20394,0.24057,0.25697,0.26174,0.28286,0.30523,0.2966,0.3052,0.328734,0.332959,0.3358,0.303796156,0.321463467
        Cambodia,net consumption,Asia & Oceania,0.08928,0.09579,0.09951,0.09393,0.08928,0.09858,0.10695,0.11625,0.12555,0.13299,0.14229,0.14694,0.15438,0.15996,0.16647,0.206,0.238,0.25,0.275,0.284,0.38218,0.38652,0.59712,0.63486,0.60492,0.8317,1.02134,1.29056,1.50598,1.71842,2.1906,2.5222,3.21566,3.50742,4.0699,4.99694,6.0735,6.87582,8.44057,10.15534,10.95518604,10.90708477
        Cameroon,net consumption,Africa,1.325,1.737,2.009,1.952,1.972,2.193,2.044,2.082,2.253,2.364,2.323,2.334,2.318,2.324,2.231,2.203,2.341,2.483,2.505,2.645,2.68272,2.59298,2.49792,2.76264,3.2696,3.25408,3.76074,4.5598,4.94168,5.03024,5.1236,4.64025,4.8346,5.03193,5.27783,6.04655,5.24557,6.061043,6.4962,6.509974,6.336891475,6.084346389
        Canada,net consumption,North America,309.4796186,319.0600113,319.1662899,331.6464341,356.7081734,372.3747488,389.3921382,405.2380648,422.242689,434.632367,433.827893,439.87071,444.724821,455.060803,459.642142,466.698881,473.652624,482.487399,479.436168,490.033692,505.225524,505.604054,513.18464,528.233048,534.064122,560.37862,550.193991,560.760367,559.070389,535.105882,530.103604,548.219153,539.186083,560.744571,559.348308,543.406076,548.451276,547.034675,554.0621157,547.2500179,533.5070587,554.7443874
        Cayman Islands,net consumption,Central & South America,0.05394,0.06138,0.07254,0.08277,0.09672,0.10881,0.11997,0.14043,0.15531,0.17019,0.19716,0.2046,0.20553,0.22041,0.24924,0.25947,0.26133,0.26226,0.26412,0.2883,0.39809,0.42471,0.4481,0.463,0.48563,0.394,0.486,0.546,0.529,0.5484,0.5405,0.541,0.548,0.556,0.568,0.586,0.612,0.634,0.628,0.667,0.6576623,0.702392687
        Central African Republic,net consumption,Africa,0.06231,0.06138,0.0651,0.06324,0.06696,0.07161,0.08649,0.08463,0.08556,0.08556,0.08649,0.08556,0.08742,0.08835,0.09207,0.093,0.09486,0.09672,0.09486,0.09579,0.105,0.106,0.106,0.107,0.149,0.159,0.166,0.16,0.16,0.159,0.1591,0.1713,0.1744,0.1284,0.1594,0.1594,0.1604,0.1414,0.141,0.14094,0.141,0.141064
        Chad,net consumption,Africa,0.04092,0.04464,0.04557,0.04464,0.04557,0.04743,0.06045,0.07347,0.07068,0.07161,0.07905,0.07626,0.07347,0.07533,0.0744,0.07812,0.07905,0.07905,0.07998,0.07998,0.07935,0.087,0.09351,0.09995,0.10646,0.11197,0.1129,0.11197,0.1305,0.15736,0.172,0.17338,0.19465,0.22161,0.23504,0.2384,0.25056,0.25451,0.26119,0.26326,0.248581188,0.263581184
        Chile,net consumption,Central & South America,10.41,10.75,10.551,10.771,11.62,12.076,12.926,13.257,14.277,15.501,18.341,18.224,19.224,19.666,21.258,25.635,28.059,30.687,31.643,34.86,38.14374,39.37382,41.3827,44.06254,47.22554,48.37876,50.92482,53.01022,53.5916,53.45744,54.331829,59.492265,62.728116,65.047152,64.915875,68.654957,73.852143,73.04019,77.0223832,77.6898273,77.7520941,81.4005473
        China,net consumption,Asia & Oceania,261.492,268.754,285.858,307.606,330.13,351.318,385.299,425.192,466.479,498.708,549.342,597.204,666.142,738.807,818.535,876.577,920.966,983.495,1017.457,1076.767,1178.033,1314.783,1459.429,1676.829,1955.39,2196.172,2523.947,2891.542,3070.853,3290.103,3716.55362,4182.66356,4439.87758,4846.24602,5078.71756,5273.535637,5585.625151,6057.175784,6450.426757,6802.698896,7115.077185,7805.656341
        Colombia,net consumption,Central & South America,16.385,16.697,22.257,22.931,25.177,25.439,28.302,23.559,25.427,27.079,28.171,28.782,26.624,29.652,32.026,33.461,34.127,34.837,34.123,32.625,32.5857,33.87712,34.72602,35.41568,37.43962,37.78608,40.48912,42.21151,42.76446,46.3906,46.69198,49.95478,52.10862,65.57438,62.408203,68.683379,67.882255,71.976569,71.1323466,74.1834719,72.0435433,76.1928486
        Comoros,net consumption,Africa,0.00837,0.0093,0.0093,0.01023,0.01116,0.01302,0.01302,0.01302,0.01302,0.01488,0.01395,0.01395,0.01395,0.01395,0.01395,0.01395,0.01488,0.01488,0.01581,0.01581,0.010938,0.019382,0.021826,0.02327,0.029796,0.031796,0.034073,0.03099,0.031046,0.028101,0.02732,0.043043,0.041765,0.039405,0.036406,0.037294,0.040765,0.061142,0.065532,0.072176,0.095,0.101814786
        Congo-Brazzaville,net consumption,Africa,0.144,0.156,0.2,0.192,0.294,0.228,0.369,0.387,0.372,0.386,0.405,0.462,0.44,0.355,0.351,0.355,0.449,0.447,0.324,0.361,0.29394,0.287,0.414,0.38458,0.36298,0.41632,0.46214,0.47868,0.566,0.58446,0.5747,0.61098,0.91532,0.87802,0.85202,1.40474,1.4695,1.52334,1.593348,2.011103,2.12188,2.214975806
        Congo-Kinshasa,net consumption,Africa,3.921,3.614,3.561,3.864,4.057,4.366,4.559,4.534,4.672,4.829,4.42,4.384,4.207,3.926,4.031,4.479,4.676,4.386,4.141,4.357,4.53882,4.5667,4.41352,4.57658,4.60852,4.82758,5.6778,6.06784,6.03624,6.5889,6.67484,7.12772,7.66656,8.27246,7.91734,7.17728,7.411,8.585095,9.269865,9.076814,9.878925,8.920147734
        Cook Islands,net consumption,Asia & Oceania,0.0093,0.01023,0.0093,0.00837,0.0093,0.01023,0.01116,0.01209,0.01209,0.01302,0.01395,0.01395,0.014043,0.014043,0.014043,0.017763,0.017763,0.017763,0.017763,0.019623,0.0241,0.0241,0.0261,0.0271,0.0271,0.0271,0.0301,0.0311,0.0321,0.0311,0.0321,0.0321,0.0301,0.0298,0.028447,0.028472,0.032679,0.038,0.047,0.043,0.035,0.03946
        Costa Rica,net consumption,Central & South America,1.879,2.133,2.05,2.201,2.362,2.547,2.738,3.099,3.039,3.177,3.305,3.553,4.204,4.529,4.771,4.28,4.494,5.029,4.84,5.517,5.90046,6.129,6.26068,6.58258,6.84404,7.27274,7.80891,8.18535,8.31738,8.24294,8.53154,8.61222,8.9892,9.07024,9.20242,9.483145,9.453607222,9.5524544,9.6509721,9.9929716,9.5744497,10.659704
        Cote d'Ivoire,net consumption,Africa,1.433,1.573,1.607,1.683,1.319,1.68,1.719,2.021,1.863,2.092,1.857,1.463,1.293,1.758,2.014,2.519,2.279,2.459,2.724,2.629,2.66284,2.8679,2.8131,2.8557,2.7774,2.78188,3.03922,3.23106,3.47216,3.7095,4.07532,3.80534,4.66734,4.70944,5.75782,5.56776,5.61971,6.60541,6.62522,6.89092,7.5844,7.977315028
        Croatia,net consumption,Europe,-20,-20,-20,-20,-20,-20,-20,-20,-20,-20,-20,-20,9.991,9.858,10.092,10.448,10.11,11.507,12.963,12.179,12.18404,12.34516,12.74052,12.83796,13.5151,14.23518,14.97544,15.45288,16.00566,15.21908,16.27512,16.1057,15.70014,15.46068,15.27506,15.729444,15.776593,16.482476,16.688812,16.7662931,15.7137589,15.93211966
        Cuba,net consumption,Central & South America,9.493,9.973,10.316,10.443,11.06,10.891,11.754,12.036,12.767,13.245,12.316,10.361,10.341,9.278,9.245,9.437,10.1,10.747,10.751,11.3231,11.82116,12.06946,12.39386,12.50338,12.337404,12.11786,12.86246,13.627066,13.84938,13.95412,13.61962,13.94078,14.47436,15.22458,15.36472,16.08078,16.26512,16.21068,16.35366,16.10046,15.17234841,16.26872091
        Cyprus,net consumption,Europe,0.904,0.923,0.99,1.076,1.1,1.164,1.249,1.331,1.461,1.627,1.746,1.818,2.102,2.296,2.395,2.21,2.2875,2.375,2.601,2.755,2.98,3.105,3.391,3.65,3.735,3.95,4.152,4.364,4.622,4.667,4.78806,4.48494,4.3124,3.86922,3.93202,4.101208,4.407173,4.553059,4.6720586,4.732683,4.4134741,4.659154866
        Czechia,net consumption,Europe,-20,-20,-20,-20,-20,-20,-20,-20,-20,-20,-20,-20,-20,48.63235,50.37085,53.14985,55.006,54.89039,53.983,52.193,53.638,55.48092,55.41756,56.7634,58.1821,59.30822,61.0812,61.48862,62.17362,58.80644,58.280448,57.795127,58.361826,58.005424,58.107983,59.20346,60.270976,61.475199,61.805699,61.7141812,59.6808725,61.914601
        Denmark,net consumption,Europe,21.97,22.209,22.633,22.804,22.517,23.918,26.767,27.786,27.751,28.36,28.868,29.92,30.492,30.788,31.391,31.453,31.911,32.452,32.28073,32.573,32.78184,32.88744,33.20028,33.3268,33.92788,34.55092,34.97284,34.72604,34.356,32.82,34.154515,33.735034,33.322868,33.320282,32.738528,33.120167,33.381757,33.823852,33.5542043,34.0922942,35.3550586,38.1825901
        Djibouti,net consumption,Africa,0.1023,0.10695,0.11439,0.12927,0.12741,0.14322,0.1488,0.14973,0.15252,0.15345,0.15624,0.15717,0.15717,0.15903,0.15903,0.16089,0.16182,0.16368,0.16368,0.16368,0.18,0.179,0.188,0.188,0.202,0.24,0.263,0.304,0.319,0.328,0.356,0.364,0.3675,0.4075,0.4395,0.481932,0.532532,0.563878,0.46652,0.4674,0.464549745,0.468196929
        Dominica,net consumption,Central & South America,0.01023,0.01116,0.01023,0.01674,0.02232,0.02232,0.02418,0.02511,0.02604,0.02697,0.02697,0.0279,0.0279,0.0279,0.03069,0.04092,0.03906,0.0465,0.05766,0.06603,0.074,0.078,0.071,0.076,0.076,0.0792,0.0812,0.0823,0.0833,0.0889,0.0949,0.0979,0.0974,0.0974,0.098357,0.103357,0.108357,0.083357,0.058057,0.082078,0.155148,0.16299964
        Dominican Republic,net consumption,Central & South America,2.514,2.961,2.35,2.344,3.18,3.174,3.526,3.085,3.272,2.379,2.59,2.713,2.412,3.706,3.234,3.627,4.734,4.802,5.175,6.461,6.64766,8.29362,10.27888,10.97538,9.8285,10.5094,11.42394,11.92674,9.895,9.7925,12.04206,12.9184,13.64062,14.48936,14.10428,14.62008,16.263,16.541504,17.083447,16.772745,14.471823,15.42583555
        Ecuador,net consumption,Central & South America,2.7,3.01,3.16,3.338,3.218,3.752,4.069,4.176,4.271,4.322,4.784,5.163,5.404,5.51,6.027,6.077,6.921,6.852,7.368,7.639,7.81482,8.04726,8.26422,8.609717,10.448442,10.47188,11.56861,13.8345,15.10904,15.68504,16.358,17.81724,19.02034,20.0121,21.07576,22.19106,23.321,24.125241,25.093078,26.196213,25.774511,26.60766825
        Egypt,net consumption,Africa,15.861,17.749,18.224,20.13405,25.29105,25.32905,29.8871,31.1541,29.7351,32.0611,37.2011,38.1351,38.7831,42.7351,45.1791,47.1512,47.7252,51.7532,55.4512,60.2692,63.55766,68.22234,72.80158,78.82444,83.19628,89.77856,96.58724,105.10492,110.3652,117.40596,143.928,142.179,145.696,143.609,153.899,156.215,150.482,162.493065,164.549589,159.780338,155.352801,168.3228366
        El Salvador,net consumption,Central & South America,1.433,1.477,1.541,1.396,1.591,1.517,1.566,1.646,1.69,1.745,1.664,1.61,1.729,2.028,2.422,2.801,2.894,3.134,3.244,3.441,4.0621,3.9271,3.8031,4.0101,4.0047,4.4625,4.9101,5.2991,5.2671,5.2661,5.2951,5.4841,5.7411,6.004,5.966,6.249,6.185822,6.250448,6.267474,6.515446,6.11117,6.424477451
        Equatorial Guinea,net consumption,Africa,0.01581,0.01395,0.01302,0.01116,0.01395,0.01581,0.01488,0.01581,0.01581,0.01581,0.01581,0.01581,0.01674,0.01674,0.01674,0.01767,0.01767,0.0186,0.01953,0.01953,0.08984,0.05576,0.10652,0.1168,0.15804,0.1777,0.22792,0.28196,0.40114,0.45048,0.50502,0.57228,0.672,0.873,0.961,1.153,1.24,1.183041,1.216559,1.251998,1.267515,1.269944203
        Eritrea,net consumption,Africa,-20,-20,-20,-20,-20,-20,-20,-20,-20,-20,-20,-20,-20,-20,0.131,0.138,0.157,0.1494,0.152962,0.163,0.15946,0.18008,0.20052,0.21644,0.21808,0.22478,0.21598,0.22784,0.2269,0.24442,0.25546,0.2628,0.27914,0.29772,0.3033,0.30788,0.30946,0.369899,0.385689,0.398406,0.377066551,0.404890124
        Estonia,net consumption,Europe,-20,-20,-20,-20,-20,-20,-20,-20,-20,-20,-20,-20,6.8,5.726,5.91,5.577,5.904,6.212,6.055,5.699,5.87254,5.8305,6.14144,6.52174,6.78336,6.88836,7.32888,7.6933,7.88696,7.48082,7.503114,7.232831,7.533739,7.468914,7.584939,7.679151,7.881563,7.988344,8.5479412,8.4680352,9.0281474,8.8419177
        Eswatini,net consumption,Africa,0.25389,0.27342,0.23808,0.21762,0.28551,0.33945,0.44131,0.55433,0.60526,0.68967,0.73457,0.73272,0.94272,0.90572,0.95272,0.9993,0.9523,0.9893,0.99444,0.9813,1.114,1.141,1.295,1.209,1.093,1.291,1.382,1.451,1.348,1.369,1.2819,1.35321,1.392,1.495,1.45,1.456,1.42,1.569553,1.511453,1.565285,1.508984071,1.495128269
        Ethiopia,net consumption,Africa,0.597,0.641,0.676,0.707,0.769,0.813,0.869,1.089,1.159,1.205,1.079,1.09,1.097,1.297,1.288,1.3,1.376,1.434,1.469,1.463,1.53362,1.83396,1.86374,2.09004,2.30792,2.58428,2.9634,3.19228,3.28108,3.26276,3.85454,4.43258,5.26228,6.36362,6.56192,7.60086,8.56986,8.75905,9.61492,9.796454,9.215139318,9.520959162
        Falkland Islands,net consumption,Central & South America,0.00186,0.00279,0.00279,0.00279,0.00558,0.00744,0.00837,0.00837,0.01023,0.0093,0.0093,0.0093,0.0093,0.0093,0.0093,0.01023,0.01023,0.01023,0.01116,0.01116,0.013206,0.0152,0.0152,0.01525,0.01525,0.01525,0.0163,0.0163,0.018,0.018,0.016,0.016,0.017,0.019,0.019,0.0194,0.0213,0.0195,0.0197,0.0191326,0.0191326,0.019132136
        Faroe Islands,net consumption,Europe,0.14136,0.14601,0.14973,0.14973,0.15717,0.16926,0.1674,0.17112,0.19065,0.19158,0.18786,0.18042,0.17763,0.16128339,0.15680265,0.1558401,0.1623966,0.16337589,0.17060013,0.17929191,0.204017,0.221173,0.230724,0.238492,0.239156,0.235753,0.249856,0.25942,0.264851,0.264517,0.268143,0.264,0.28,0.28,0.297,0.306,0.306,0.324,0.3168,0.34784,0.3814,0.397132418
        Fiji,net consumption,Asia & Oceania,0.2697,0.27621,0.28179,0.28923,0.35247,0.35991,0.38316,0.39339,0.38502,0.39618,0.44454,0.44919,0.44733,0.45663,0.49197,0.51429,0.51522,0.5208186,0.51710046,0.5579535,0.6311,0.6741,0.7111,0.7231,0.7531,0.7871,0.8481,0.8591,0.8741,0.8611,0.8983,0.8691,0.86,0.892,0.911496,0.955385,0.958025,1.047409,1.010093,1.04913172,1.004664,1.027828785
        Finland,net consumption,Europe,37.613,38.975,39.369,42.455,45.822,48.989,49.895,53.466,48.353,57.115,64.984,64.899,60.878,63.494,66.486,65.302,67.3142,70.64958,73.817,75.1,76.2067,78.16886,80.51898,81.70888,83.97366,81.83886,87.1797,87.4512,83.7973,78.45344,85.465048,82.122658,82.769807,82.172823,81.369693,80.790649,83.376716,83.468382,85.4644094,84.0471162,79.525978,83.7249711
        Former Czechoslovakia,net consumption,Europe,68.54,66.088,66.863,68.842,70.998,74.267,76.271,77.873,78.902,80.44,81.79,77.939,72.284,-20,-20,-20,-20,-20,-20,-20,-20,-20,-20,-20,-20,-20,-20,-20,-20,-20,-20,-20,-20,-20,-20,-20,-20,-20,-20,-20,-20,-20
        Former Serbia and Montenegro,net consumption,Europe,-20,-20,-20,-20,-20,-20,-20,-20,-20,-20,-20,-20,32.613,26.971,27.447,30.097,32.376,32.326,29.432,27.454,30.205,29.998,30.692,30.285,29.784,27.254,-20,-20,-20,-20,-20,-20,-20,-20,-20,-20,-20,-20,-20,-20,-20,-20
        Former U.S.S.R.,net consumption,Eurasia,1168.604644,1123.888392,1234.063245,1278.406743,1342.196622,1382.509714,1343.502799,1395.350431,1432.730352,1464.423789,1460.94541,1446.912,-20,-20,-20,-20,-20,-20,-20,-20,-20,-20,-20,-20,-20,-20,-20,-20,-20,-20,-20,-20,-20,-20,-20,-20,-20,-20,-20,-20,-20,-20
        Former Yugoslavia,net consumption,Europe,51.044,55.186,56.142,58.914,62.905,65.188,67.85,70.201,72.24,71.174,70.579,64.682,-20,-20,-20,-20,-20,-20,-20,-20,-20,-20,-20,-20,-20,-20,-20,-20,-20,-20,-20,-20,-20,-20,-20,-20,-20,-20,-20,-20,-20,-20
        France,net consumption,Europe,236.442,239.299,242.635,247.079,260.163,277.937,292.67,301.429,309.385,316.531,323.043,345.386,355.1608,356.08,363.556,367.8385,382.65,381.735,393.359,401.221,409.74366,420.4527,418.21038,435.4392,446.95728,452.11806,447.83318,449.71518,462.5325,446.59636,473.785653,449.868447,460.679742,465.150496,440.727747,450.044349,457.025221,454.23484,451.3417492,448.0217777,425.070898,447.4470538
        French Guiana,net consumption,Central & South America,0.09858,0.10788,0.11997,0.14322,0.15717,0.18042,0.19437,0.21669,0.24645,0.27342,0.30876,0.35433,0.38874,0.38967,0.38967,0.39339,0.39339,0.39525,0.39618,0.39804,0.39804,0.54405,0.56358,0.58683,0.60915,0.63333,0.65658,0.83793,0.85746,0.95697,1.02672,0.97929,0,0,0,0,0,0,0,0,0,0
        French Polynesia,net consumption,Asia & Oceania,0.22227,0.24366,0.25296,0.20088,0.17856,0.19344,0.19809,0.19809,0.22599,0.23994,0.25761,0.26691,0.28086,0.28644,0.2976,0.31155,0.31341,0.31899,0.3162,0.32271,0.389,0.472,0.522,0.572,0.612,0.603,0.629,0.659,0.687,0.701,0.6293,0.6473,0.6423,0.5933,0.578554,0.580012,0.588004,0.587088,0.584043,0.6397,0.61842292,0.649411907
        Gabon,net consumption,Africa,0.506,0.574,0.644,0.705,0.769,0.833,0.838,0.84,0.845,0.877,0.88,0.901,0.922,0.961,0.815,0.879,0.916,0.963,1.007,1.046,1.0427,1.09906,1.1676,1.19682,1.21214,1.217,1.299,1.374,1.444,1.439,1.48786,1.55748,1.65536,1.75382,1.85748,1.90918,2.10568,2.212454,2.211269,2.365078,2.202302097,2.351990662
"        Gambia, The",net consumption,Africa,0.03441,0.04185,0.04092,0.04185,0.04371,0.04464,0.04929,0.05394,0.05673,0.05301,0.06138,0.06138,0.06231,0.06417,0.06417,0.0651,0.06603,0.06975,0.07626,0.08463,0.1105,0.127,0.142,0.158,0.174,0.192,0.204,0.217,0.229,0.2301,0.2333,0.2446,0.2541,0.2481,0.2671,0.2821,0.2981,0.3061,0.244,0.2350353,0.219586675,0.237916525
        Georgia,net consumption,Eurasia,-20,-20,-20,-20,-20,-20,-20,-20,-20,-20,-20,-20,10.113,8.379,7.708,5.514,5.26,5.678,6.695,6.702,6.27416,6.2263,6.3986,6.81196,7.0135,7.35514,6.69368,6.90516,7.09154,6.84924,7.62158,8.38176,8.46768,9.09772,9.81484,9.93326,10.48284,11.21232,11.9561,12.06208,11.7283,13.39998476
        Germany,net consumption,Europe,-20,-20,-20,-20,-20,-20,-20,-20,-20,-20,-20,491.098,485.685,477.208,475.055,482.523,489.296,492.93143,497.445,497.056,509.08148,520.1949,532.51744,542.371,548.8792,543.7922,548.7564,552.6804,549.904,520.845,553.832042,547.112355,546.28479,544.830313,534.052503,537.623698,539.79954,540.634873,532.1598444,517.4728151,499.2452768,511.6603884
"        Germany, East",net consumption,Europe,93.619,89.256,90.562,92.517,102.835,106.223,108.359,109.512,111.156,110.58,97.72744,-20,-20,-20,-20,-20,-20,-20,-20,-20,-20,-20,-20,-20,-20,-20,-20,-20,-20,-20,-20,-20,-20,-20,-20,-20,-20,-20,-20,-20,-20,-20
"        Germany, West",net consumption,Europe,358.404,360.011,356.39,364.136,380.628,390.936,396.016,405.478,414.342,395.701,402.11,-20,-20,-20,-20,-20,-20,-20,-20,-20,-20,-20,-20,-20,-20,-20,-20,-20,-20,-20,-20,-20,-20,-20,-20,-20,-20,-20,-20,-20,-20,-20
        Ghana,net consumption,Africa,4.593,4.658,4.339,2.274,1.59,2.483,3.844,4.11,4.21,4.629,5.336,5.71,6.077,5.83,5.593,5.625,6.113,6.262,5.097,5.683,5.72622,6.72694,5.78948,4.4759,4.49038,5.22546,6.3974,5.39194,6.04232,6.138,7.06974,8.72466,9.74777,10.362731,10.42308,10.20138,11.07594,12.08096,12.58518,14.2124,17.1616,18.27374496
        Gibraltar,net consumption,Europe,0.05,0.052,0.054,0.055,0.055,0.057,0.059,0.058,0.062,0.071,0.071,0.071,0.079,0.07219,0.07719,0.07719,0.07905,0.08091,0.08556,0.08928,0.1135,0.11444,0.11726,0.12196,0.12384,0.1323,0.13694,0.1407,0.15104,0.15856,0.16138,0.15574,0.16044,0.17166,0.18012,0.20356,0.19516,0.19422,0.195573,0.19886,0.18845657,0.200984867
        Greece,net consumption,Europe,20.306,20.511,20.718,22.154,23.603,24.484,24.881,25.918,27.349,29.147,30.526,31.482,32.96,33.652,35.206,36.53,38.115,39.83618,41.983,43.4,45.97792,47.33954,49.5354,51.67068,52.99664,54.13574,55.8125,58.35748,59.65142,58.8956,55.42106,54.080574,53.828754,50.60603,51.306551,52.580293,55.27019,55.649167,51.1158787,51.7588833,46.1605771,52.1395064
        Greenland,net consumption,North America,0.14043,0.14322,0.14787,0.15345,0.15903,0.16182,0.16647,0.17019,0.17484,0.18321,0.19251,0.18786,0.18879,0.22041,0.2232,0.22506,0.22599,0.23994,0.24552,0.41664,0.421,0.388,0.382,0.33,0.28482,0.29664,0.32412,0.32824,0.33834,0.3608,0.35126,0.38362,0.37282,0.38214,0.40566,0.43718,0.46466,0.45166,0.49552,0.4817,0.576712054,0.582709742
        Grenada,net consumption,Central & South America,0.019,0.021,0.02,0.022,0.02325,0.023,0.026,0.031,0.037,0.042,0.045,0.05,0.053,0.055,0.06,0.081,0.086,0.091,0.101,0.105,0.114,0.124,0.129019,0.138214,0.13,0.131307,0.151162,0.171765,0.173925,0.177489,0.186104,0.1827,0.180541,0.178541,0.181541,0.177538,0.187513,0.192285,0.198495,0.1952,0.184587349,0.198807688
        Guadeloupe,net consumption,Central & South America,0.2697,0.30039,0.3441,0.35712,0.40176,0.42966,0.50499,0.57195,0.6231,0.58497,0.68076,0.74865,0.81561,0.867411,0.912981,0.914841,1.01463,1.09089,1.09926,1.10205,1.18389,1.1718,1.13274,1.21737,1.45359,1.46289,1.5252,1.59588,1.58007,1.56147,1.56054,1.57635,0,0,0,0,0,0,0,0,0,0
        Guam,net consumption,Asia & Oceania,1.00161,0.97092,0.9579,0.85281,0.8742,0.88424772,0.92229588,0.98752701,1.07814435,1.15197984,1.19639478,1.29593268,1.331574,1.46873319,1.55205003,1.50536961,1.6135314,1.62327966,1.64237907,1.68702,1.7408605,1.7365,1.533,1.5268,1.5888,1.6353,1.643984,1.628074,1.626001,1.6169,1.6265,1.6142,1.4706,1.5734,1.541218,1.57458,1.641443,1.673732,1.640062,1.680562,1.606262,1.729080013
        Guatemala,net consumption,Central & South America,1.752,1.499,1.427,1.429,1.375,1.431,1.616,1.71,1.798,1.957,2.256,2.458,2.461,2.545,2.722,2.99701,2.70729,2.56057,3.30813,4.16406,3.82958,4.24018,4.38308,6.22078,5.23142,6.533,7.267,7.71223,7.161,7.199,7.0209,7.24366,8.06974,8.47308,8.82066,9.59876,10.01464,10.18615,10.992298,11.173242,11.791763,12.82267342
        Guinea,net consumption,Africa,0.33759,0.34224,0.34968,0.36084,0.42501,0.43338,0.44082,0.44361,0.45384,0.45663,0.46035,0.465,0.46686,0.47151,0.47337,0.48546,0.49011,0.5766,0.59799,0.67425,0.743,0.933,0.984,0.865,0.942,0.881,0.843,0.942,0.967,0.9629,0.9199,0.8499,0.7069,0.644,0.696,1.1396,1.61654,1.510953,1.207224,1.7581,2.903097677,2.481586351
        Guinea-Bissau,net consumption,Africa,0.01209,0.01209,0.01209,0.01209,0.01302,0.01302,0.01581,0.01767,0.01953,0.02697,0.03534,0.03627,0.03813,0.04092,0.04278,0.04371,0.04464,0.0465,0.0465,0.04743,0.03,0.03,0.02,0.02,0.03,0.03,0.03,0.03,0.03,0.03,0.03,0.031,0.032,0.033,0.0333,0.059076,0.07952,0.07991,0.07568,0.076458,0.076458,0.076457786
        Guyana,net consumption,Central & South America,0.388,0.402,0.332,0.109,0.093,0.152,0.132,0.329,0.33,0.275,0.247,0.176,0.179,0.18,0.258,0.445,0.527,0.602,0.639,0.671,0.569740278,0.594134444,0.5988475,0.523713611,0.556564722,0.412538889,0.438623611,0.479630556,0.458494167,0.452237778,0.610483833,0.646873556,0.713297944,0.759649556,0.784652722,0.821632444,0.877568056,0.911493889,0.923183889,0.97271,0.912546515,0.980883161
        Haiti,net consumption,Central & South America,0.237,0.234,0.315,0.329,0.355,0.397,0.475,0.428,0.427,0.411,0.453,0.463,0.416,0.335,0.277,0.269,0.286,0.286,0.278,0.268,0.28416,0.28134,0.24778,0.2362,0.23578,0.32254,0.33006,0.22116,0.2087,0.31916,0.2174,0.32004,0.40916,0.40106,0.36332,0.37387,0.40751,0.37705,0.361442,0.382,0.292245106,0.365929086
        Hawaiian Trade Zone,net consumption,Asia & Oceania,0,0,0,0,0,0,0,-20,-20,-20,-20,-20,-20,-20,-20,-20,-20,-20,-20,-20,-20,-20,-20,-20,-20,-20,-20,-20,-20,-20,-20,-20,-20,-20,-20,-20,-20,-20,-20,-20,-20,-20
        Honduras,net consumption,Central & South America,0.76,0.844,0.841,0.813,0.839,0.994,1.342,1.296,1.835,1.789,1.982,1.947,1.731,1.697,1.43,1.551,2.185,2.378,2.648,2.514,3.10454,3.20774,3.3541,3.58846,3.70231,4.066,4.233,4.696,4.96,4.549,4.61178,5.25556,5.39274,5.35656,6.60078,6.67744,6.81172,7.250027,7.368926,7.655902,7.629293,8.157778012
        Hong Kong,net consumption,Asia & Oceania,10.13,10.724,11.526,13.055,13.971,14.774,16.382,20.033,21.387,20.746,22.099,23.409,24.053,25.469,23.079,26.51,29.75,30.508,32.224,32.329,36.95,37.822,38.67,39.096,39.902,40.799,40.918,41.648,41.152097,41.721,42.10836,42.50032,43.64982,43.26222,44.58982,44.43456,44.64176,44.33592,44.793,45.4,44.215767,46.32022044
        Hungary,net consumption,Europe,27.385,27.722,28.767,30.007,31.552,32.429,33.084,34.594,34.593,34.795,34.143,31.851,30.514,29.299306,29.59,29.882733,30.73976,30.93312,31.04041,31.895,31.83722,32.88344,33.99772,34.92322,35.34814,36.0282,36.90062,37.77576,37.72184,35.6388,36.354719,36.669597,36.870306,36.487384,37.195955,38.433949,39.036661,40.424479,41.1520503,41.7559378,41.715421,43.9138754
        Iceland,net consumption,Europe,2.857,2.954,3.235,3.419,3.598,3.518,3.682,3.701,4.026,4.095,4.073,4.065,4.16,4.369,4.495,4.605,4.6197,5.08769,5.787,6.742,7.3037,7.61376,7.95064,7.93864,8.16976,8.2347,9.44376,11.39788,15.76688,16.20288,16.047004,16.347998,16.81,17.625998,17.305,17.982002,17.682608,18.255294,18.878324,18.588793,18.238694,18.7089881
        India,net consumption,Asia & Oceania,97.898,107.442,113.695,117.213,130.42,140.645,154.717,166.86,185.924,202.681,219.879,240.203,255.687,275.674877,297.98,318.336,323.097,344.504,360.501,365.536,383.924,391.979982,420.808,442.127,470.993,496.732,548.192,580.237,629.04,680.088,727.51078,841.71238,891.71308,946.3276169,1041.945749,1093.537704,1161.54307,1228.624117,1312.596163,1342.052063,1328.658815,1442.750051
        Indonesia,net consumption,Asia & Oceania,11.299,13.363,15.472,15.553,17.132,23.126,26.952,28.869,32.282,32.563,38.497,40.544,43.803,47.548,51.31,50.082,56.852,64.216,66.045,71.008,77.66996,82.9794,85.0239,88.86252,99.59422,106.775,111.956,120.61502,127.3824,133.47336,145.0577,157.06324,180.20471,192.98739,202.66545,208.10663,221.40104,232.14794,247.269816,254.669125,266.032579,281.5298376
        Iran,net consumption,Middle East,19.676,21.156,23.919,28.086,31.261,31.582,30.702,31.105,39.234,40.241,49.792,53.871,59.171,62.051,65.533,63.732,69.671,73.358,77.62,84.623,94.35608,101.70472,109.41404,119.98682,126.99336,135.19698,146.07354,153.26264,162.10814,169.8324,182.7144,186.1383,195.32188,215.70767,233.224,236.544,252.252,268.628759,271.485472,283.763607,286.693449,301.9687305
        Iraq,net consumption,Middle East,10.167,9.813,12.186,14.449,16.334,18.716,19.875,21.657,24.601,25.996,19.52,17.821,22.64,23.598,25.217,26.18,26.08,26.667,26.781,25.568,27.27666,28.13102,29.53124,24.99458,29.68088,20.997,25.22542,20.12058,19.75297,30.19193,34.09488,37.31564,33.84944,44.1171,41.84478,40.37148,38.46046,41.311035,49.269492,56.858239,50.789426,52.73421624
        Ireland,net consumption,Europe,8.446,8.302,8.483,8.435,8.67,9.486,9.779,10.697,10.639,11.388,12.014,12.605,13.372,13.701,14.286,14.968,15.941,16.77122,17.728,18.79,20.24872,20.8957,21.78134,22.36862,23.11974,24.00382,25.08454,25.3,26.355,24.959,25.537675,24.834806,24.613475,24.843758,25.025564,25.779363,26.412548,27.025035,27.6690696,28.2406594,28.5251053,32.6454046
        Israel,net consumption,Middle East,10.931,11.435,12.1,12.997,13.376,13.822,13.645,15.111,16.883,17.91,18.193,18.797,21.732,23.041,25.246,26.575,28.387,29.927,32.485,34.255,37.2082,38.57514,39.99492,41.31412,41.6006,42.63222,44.30702,47.05792,48.516,49.196,52.977,53.737,56.841,54.079,54.275,56.565,58.9424,59.572281,60.510199,62.617519,62.167039,63.358029
        Italy,net consumption,Europe,164.891,163.087,165.723,164.854,174.155,178.066,183.551,193.549,186.849,211.8418,219.007,224.429,229.821,229.536,236.957,243.676,246.033,253.48497,260.883,267.354,278.36228,284.27174,290.61424,294.97176,302.0686,306.6837,313.76748,314.7246,314.60706,297.3527,311.707063,315.890681,309.529113,299.787771,293.964149,300.060217,298.250334,304.722482,306.2798323,284.0286052,287.2633359,299.9218318
        Jamaica,net consumption,Central & South America,1.485,1.481,1.552,1.74,1.65,1.375,1.419,1.563,1.541,1.712,2.056,1.665,1.726,3.592,4.005,4.856,5.035,5.217,5.461,5.576,5.59972,5.70034,5.90646,6.10512,6.0641,6.13496,6.0981,4.941,2.988,3.072,3.06972,3.0539,2.89462,2.82736,2.79684,2.79872,2.97046,2.95898,3.025854,3.092992,2.924336786,3.19920181
        Japan,net consumption,Asia & Oceania,521.374,522.127,528.362,560.357,593.94,609.764,614.442,663.17,695.604,731.602,772.584,797.667,805.674,813.417,866.555,890.385,910.51003,937.534,943.324,949.515,936.235,919.667,932.99,923.699,953.059,962.937,980.61,1020.313,954.104,926.602,1032.074897,997.232672,1000.306711,979.909071,983.904336,962.442903,956.720654,965.224223,963.9000025,944.8867835,914.5201395,913.0781497
        Jordan,net consumption,Middle East,0.802,1.037,1.274,1.549,1.825,2.009,2.167,1.959,2.022,2.726,3.119,3.324,3.933,4.194,4.481,5.357,5.397,5.699,6.049,6.517,6.54602,6.48612,6.96774,7.36036,8.1247,8.52366,9.3944,10.38638,11.28716,11.63882,12.51676,13.27514,14.52244,14.76206,15.58588,16.29326,16.77382,17.56996,17.28854,17.3078,17.9182,19.68910483
        Kazakhstan,net consumption,Eurasia,-20,-20,-20,-20,-20,-20,-20,-20,-20,-20,-20,-20,82.879,79.286,59.78,58.533,52.1,44.952,41.957,39.823,44.46942,49.17544,49.81588,52.78854,54.32372,57.09254,61.32066,65.29538,69.05298,67.19114,72.61356,76.20982,81.81538,85.28706,81.76284,81.52606,83.02252,86.824,91.780574,92.298039,91.04476087,96.58101004
        Kenya,net consumption,Africa,1.662,1.7937,1.8364,2.20215,2.28185,2.49255,2.3422,2.3849,2.6206,2.71025,2.87963,2.998,2.994,3.285492,3.311,3.455,3.604,3.61,3.736,3.455,3.38456,3.81952,3.92062,4.34598,4.64042,4.8419,5.19228,5.3746,5.32944,5.51726,6.15778,6.39186,6.6864,7.20644,6.79598,8.239,7.771,8.9935,8.8869,8.9228,9.0795,9.061198138
        Kiribati,net consumption,Asia & Oceania,0.00465,0.00465,0.00465,0.00465,0.00558,0.00558,0.00558,0.00651,0.00651,0.00651,0.00651,0.00651,0.00651,0.00651,0.00651,0.00651,0.00651,0.0093,0.0093,0.01116,0.01209,0.01023,0.01209,0.016,0.019,0.0184,0.0194,0.0194,0.0185,0.0185,0.0203,0.0212,0.0203,0.02,0.021073,0.023402,0.025337,0.025337,0.025237,0.025137,0.027337,0.0290778
        Kosovo,net consumption,Europe,-20,-20,-20,-20,-20,-20,-20,-20,-20,-20,-20,-20,-20,-20,-20,-20,-20,-20,-20,-20,-20,-20,-20,-20,-20,-20,-20,-20,4.315,4.214,4.39234,4.93824,4.81918,4.92308,4.7929,4.89426,4.3011,4.964217,4.936412,5.224978,5.447915,5.550981154
        Kuwait,net consumption,Middle East,8.096,8.878,10.316,11.06,12.232,13.515,14.913,15.948,17.367,18.718,18.126,9.443,14.766,17.877,19.58,19.692,21.145,22.181,24.887,26.208,26.82762,28.46806,30.18028,33.03588,34.24264,36.14296,39.31358,39.87682,42.13006,43.40804,47.18608,47.17466,50.16886,49.59852,55.48002,58.15226,59.65308,61.90968,63.0578,63.80236,60.30420185,64.57876384
        Kyrgyzstan,net consumption,Eurasia,-20,-20,-20,-20,-20,-20,-20,-20,-20,-20,-20,-20,8.519,8.244,8.145,7.994,6.94,6.693,6.998,8.596,9.114,8.14464,7.73506,9.5894,8.13492,6.818,7.101,7.619,7.132,6.972,7.30248,8.89286,9.94266,10.86716,11.11856,10.6802,10.51692,11.23434,11.7404,12.32414,13.48,11.77158864
        Laos,net consumption,Asia & Oceania,0.17324,0.32827,0.36584,0.31073,0.22154,0.23635,0.23001,0.26017,0.23425,0.29407,0.29187,0.21774,0.23814,0.28851,0.21477,0.33589,0.41297,0.434,0.501,0.553,0.60776,0.70943,0.77467,0.864,0.53517,0.988,1.41,1.61,1.925,2.267,2.358,2.425,2.9444,3.232,3.648,3.96746,4.37225,3.759248,4.284086,5.517933,7.022364,6.065839386
        Latvia,net consumption,Europe,-20,-20,-20,-20,-20,-20,-20,-20,-20,-20,-20,-20,6.768,5.158,4.905,4.874,4.8,4.876,4.704,4.699,4.91522,5.01854,5.0766,5.58478,5.78042,6.09548,6.4277,6.82942,6.84128,6.32622,6.228351,6.211933,6.902188,6.632849,6.665335,6.554824,6.591053,6.633562,6.7783863,6.7294613,6.7635351,6.9167337
        Lebanon,net consumption,Middle East,2.572,2.589,2.747,2.69,2.665,2.596,2.746,2.667,2.733,2.646,2.715,2.709,3.123,4.043,4.185,4.407,6.354,7.534,7.586,7.531,9.20952,9.25796,10.42242,10.93134,10.44052,10.60778,10.3451,10.76678,11.45602,12.34206,14.19332,14.34094,14.22316,16.4446,15.16452,15.95142,16.37502,18.305002,17.756913,18.230846,17.60857559,18.85709846
        Lesotho,net consumption,Africa,0,0,0,0,0,0,0,0,0,0,0.192,0.206,0.241,0.281,0.31,0.324,0.335,0.318,0.209,0.23635,0.2874,0.3018,0.2947,0.3227,0.3159,0.4497,0.5538,0.5955,0.6302,0.7703,0.8895,0.7108,0.775,0.7978,0.78908,0.78979,0.893428,0.809874,0.821774,0.91187,0.9127,0.902244103
        Liberia,net consumption,Africa,0.79236,0.74493,0.74958,0.73842,0.64728,0.6789,0.72912,0.7347,0.744,0.73005,0.27993,0.25389,0.26226,0.2604,0.2604,0.2604,0.2604,0.27342,0.279,0.186,0.181,0.181,0.181,0.181,0.181,0.181,0.181,0.226,0.226,0.226,0.2215,0.2475,0.2475,0.2495,0.2495,0.258,0.334,0.334,0.28,0.275,0.849,0.871109839
        Libya,net consumption,Africa,3.332,3.687,3.678,4.351,5.843,7.864,9.838,12.894,13.469,13.522,12.619,12.959,13.327,13.239,13.881,14.267,14.119,14.443,10.086,10.599,10.97424,11.31134,14.28114,15.43142,16.44788,18.517,20.84,21.087,19.336,18.084,18.88188,16.17742,25.74492,28.4867,28.36962,28.13382,23.58428,24.90456,25.69322,25.48734,25.40392439,27.18002723
        Lithuania,net consumption,Europe,-20,-20,-20,-20,-20,-20,-20,-20,-20,-20,-20,-20,10.656,9.021,8.381,8.419,8.37,8.302,8.569,8.234,8.26574,8.00776,8.21864,8.5413,8.96488,8.874113,9.32336,9.6115,9.9867,9.19864,9.114739,9.329059,9.543548,9.617756,9.872046,10.022145,10.530611,10.872258,11.2425655,11.4044152,11.1330775,11.8215147
        Luxembourg,net consumption,Europe,3.608,3.405,3.44,3.554,3.783,3.83,3.848,3.939,4.034,4.111,4.14,4.264,4.242,4.387,4.707,5.011,4.907,5.152,5.333,5.524,5.8131,6.16693,5.74857,5.9818,6.22082,5.98358,6.44118,6.5513,6.44188,5.94242,6.644866,6.560106,6.289836,6.250793,6.24657,6.30309,6.447818,6.484742,6.5513041,6.4987854,6.2103255,6.4955446
        Macau,net consumption,Asia & Oceania,0.22785,0.25668,0.29481,0.35154,0.39514,0.43481,0.4884,0.57661,0.62955,0.70021,0.77999,0.87748,0.98076,1.14067,1.23647,1.45928,1.3737,1.40032,1.4082,1.43415,1.489,1.601776,1.703716,1.795048,1.8405,2.118,2.399,2.959,3.2976,3.4359,3.6385,3.8558,4.2153,4.3016,4.5358,4.8925,5.1358,5.2775,5.417,5.6481,5.2786,5.629531551
        Madagascar,net consumption,Africa,0.38781,0.3906,0.40083,0.42036,0.44268,0.44919,0.44826,0.44454,0.4557,0.50313,0.53382,0.52824,0.5394,0.54033,0.54312,0.56637,0.61752,0.64635,0.6975,0.72261,0.747,0.848,0.827,0.945,1.054,1.064,1.089,1.131,1.182,1.173,1.26045,1.27129,1.61734,1.76174,1.87283,1.94927,1.91613,2.100595,2.166469,1.889023,1.862335,1.955814061
        Malawi,net consumption,Africa,0.37651,0.37,0.39425,0.42587,0.44068,0.45098,0.48167,0.53096,0.53661,0.5394,0.6603,0.70401,0.72819,0.88629,0.93,0.94674,0.94581,0.97185,1.10112,1.07601,1.1217,1.145,1.2025,1.2183,1.3425,1.364,1.3941,1.4161,1.5411,1.5137,1.75774,1.80537,1.6319,1.694759,1.86529,1.788581,1.920596,1.607135,1.227574,1.242478,1.2309,0.964462345
        Malaysia,net consumption,Asia & Oceania,9.363,10.005,10.504,11.581,12.634,13.699,13.766,14.834,16.679,19.335,22.35,24.252,25.996,28.735,34.034,39.216,43.372,50.614,52.391,56.361,60.32766,60.78044,64.04936,68.32322,71.09982,69.12614,75.25478,81.9335,84.0136,102.708,109.84376,110.24754,119.31794,126.84968,126.83982,133.2845,137.13874,143.768566,146.607209,149.009743,142.3191813,150.7613646
        Maldives,net consumption,Asia & Oceania,0.00372,0.00465,0.00558,0.00651,0.00837,0.01209,0.01395,0.01674,0.01767,0.0186,0.02139,0.02418,0.02604,0.03534,0.03999,0.05022,0.05487,0.06231,0.07161,0.08091,0.098,0.109,0.118,0.133,0.15,0.17401,0.19903,0.23203,0.26503,0.28203,0.3431,0.3652,0.393,0.4,0.511,0.568,0.614,0.6,0.611,0.617,0.594425459,0.639484441
        Mali,net consumption,Africa,0.09579,0.09579,0.11811,0.13671,0.15252,0.15531,0.18414,0.19995,0.21948,0.22599,0.22413,0.2325,0.25203,0.27156,0.25575,0.28365,0.30318,0.35247,0.35991,0.36456,0.277,0.268,0.0479,0.067,0.07,0.1925,0.279,0.338,0.449,0.6423,1.16957,1.53696,1.8919,1.84815,2.04462,1.86085,2.04798,2.55692,2.82927,2.59998,2.489162239,2.678220623
        Malta,net consumption,Europe,0.47058,0.51522,0.56544,0.575,0.593,0.663,0.719,0.8,0.873,0.934,1.13,1.224,1.281,1.29,1.308,1.382,1.341,1.364,1.408,1.516,1.56698,1.57042,1.65888,1.80784,1.79204,1.8496,1.84934,1.84424,1.84128,1.69992,1.81922,1.86186,1.93492,1.93204,1.9828,2.116942,2.118333,2.320635,2.3895808,2.4802487,2.3694354,2.4946277
        Martinique,net consumption,Central & South America,0.23994,0.25947,0.29574,0.34131,0.35619,0.38502,0.41571,0.46686,0.5115,0.55893,0.59613,0.64542,0.69006,0.74493,0.78957,0.85281,0.89094,0.94209,0.95325,0.97185,0.97464,1.11879,1.16157,1.20993,1.24713,1.30572,1.3578,1.40244,1.43964,1.47777,1.41918,1.35687,0,0,0,0,0,0,0,0,0,0
        Mauritania,net consumption,Africa,0.08277,0.08928,0.093,0.09393,0.09207,0.09579,0.09672,0.10602,0.10695,0.11439,0.12369,0.12648,0.12927,0.12927,0.13299,0.1488,0.16275,0.17577,0.18135,0.18879,0.231658,0.28,0.5051,0.5522,0.587,0.6325,0.578,0.5602,0.6508,0.6885,0.747,0.957,1.049,1.113,1.166,1.3193,1.43946,1.49588,1.66258,1.8052,1.755118844,1.855855218
        Mauritius,net consumption,Africa,0.41013,0.40548,0.39897,0.40827,0.4185,0.42129,0.46593,0.52545,0.57009,0.60636,0.66867,0.73191,0.81375,0.86862,0.90582,0.9858,0.86025,0.99789,1.03695,1.25457,1.521222,1.628656,1.666246,1.784006,1.855926,1.941066,2.015026,2.10817,2.22215,2.26039,2.3719,2.40526,2.45992,2.56542,2.61434,2.68004,2.72632,2.78318,2.79937,2.9045,2.5933,2.742610665
        Mexico,net consumption,North America,56.71,64.407,69.956,72.852,77.006,82.01,84.793,91.09,94.987,101.542,100.471,104.712,108.144,112.418312,120.955,125.452,132.938,144.58669,148.949,156.832,166.51256,171.14658,174.02456,172.57702,184.40962,192.27152,196.40852,202.2494,204.56938,202.09172,219.213769,233.949821,241.758528,244.726501,248.333396,256.556957,263.298089,265.574923,291.1822412,278.8829731,292.5304682,300.9570645
        Micronesia,net consumption,Asia & Oceania,,,,,,,,,,,,,,,,,,,,,,,,,,,,,,,,,,,,,,,,,,
        Moldova,net consumption,Eurasia,-20,-20,-20,-20,-20,-20,-20,-20,-20,-20,-20,-20,9.301,6.121,6.841,6.093,5.841,5.477,5.355,4.113,6.2,6.257,7.623,9.108,8.247,8.64,9.099,8.308,8.346,7.208,7.107,5.995,6.199,5.533,5.628,5.674,5.428,5.667,5.90324,5.91499,5.928,9.6678
        Mongolia,net consumption,Asia & Oceania,1.65838,1.82352,2.09553,2.23966,2.39604,2.498,2.722,2.786,2.899,3.233,2.984,2.779,2.584,2.186,2.18,2.35,2.37,2.344,2.343,2.305,2.4,2.46738,2.55332,2.692512483,2.870012483,3.045692483,3.209472483,3.359432483,3.6513,3.5827,3.79464,3.87594,4.20158,5.15832,5.58422,5.77675,5.9351,6.257344,6.913238,7.331491,7.393867303,7.750090242
        Montenegro,net consumption,Europe,-20,-20,-20,-20,-20,-20,-20,-20,-20,-20,-20,-20,-20,-20,-20,-20,-20,-20,-20,-20,-20,-20,-20,-20,-20,-20,3.66888,3.4504,3.47366,2.95966,3.25268,3.46788,3.26498,2.73154,2.64474,2.83828,2.81212,3.00358,2.605143,2.738641,2.398037,2.890510285
        Montserrat,net consumption,Central & South America,0.01023,0.01116,0.01116,0.01116,0.01116,0.01116,0.01116,0.01209,0.01209,0.01302,0.01209,0.01302,0.01302,0.01395,0.01395,0.01488,0.01488,0.01581,0.01302,0.01302,0.0104,0.0105,0.0185,0.0195,0.0195,0.0197,0.0197,0.0207,0.0219,0.0219,0.0219,0.021,0.021,0.02163,0.02265,0.02214,0.01824,0.01738,0.01772,0.02209,0.01326,0.01448104
        Morocco,net consumption,Africa,4.409,4.774,5.13,5.612,5.776,5.884,6.568,7.018,7.656,7.744,8.37,8.877,9.804,10.218,10.35,11.404,11.617,12.114,12.935,13.103,13.05014,14.35086,14.85642,16.3607,17.41062,18.31454,19.87216,21.26538,21.75128,22.2431,24.8441,26.8711,28.946,27.185,28.428414,28.957414,29.85,31.2688,31.39579,32.255546,31.678974,35.38603385
        Mozambique,net consumption,Africa,13.369,3.396,2.813,5.286,0.411,0.307,0.413,0.432,0.456,0.471,0.694,0.812,0.672,1.08,0.896,0.807,0.777,0.881,0.785,1.967,2.13336,4.94736,4.88972,7.16678,8.85624,9.15374,9.5688,9.84522,9.77522,10.03422,10.55386,11.3398,11.60484,11.49146,12.9666,13.80088,12.71324,12.4702,12.76059,13.454719,12.56146088,13.48867831
        Namibia,net consumption,Africa,-20,-20,-20,-20,-20,-20,-20,-20,-20,-20,0.586,0.45,0.32,0.755,0.585,1.728,1.732,1.65,1.279,1.706,1.769,1.94164,2.46294,2.62116,2.98094,2.96002,3.239,3.24,3.42,3.35,3.35252,3.37544,3.34684,3.79346,3.76822,3.80896,3.95528,4.132343,4.401195,4.385054,3.840962,3.434334454
        Nauru,net consumption,Asia & Oceania,0.02232,0.02232,0.02232,0.02325,0.02418,0.02418,0.02511,0.02511,0.02511,0.02511,0.02511,0.02511,0.02604,0.02604,0.02604,0.0279,0.0279,0.0279,0.0279,0.02883,0.028,0.025,0.025,0.026,0.026,0.0264,0.0289,0.018,0.017,0.019,0.0209,0.0208,0.0168,0.0157,0.0162,0.0175928,0.019046,0.0237488,0.02618,0.031886,0.0345,0.037426351
        Nepal,net consumption,Asia & Oceania,0.2,0.232,0.218,0.321,0.336,0.337,0.377,0.455,0.497,0.509,0.768,0.72,0.737,0.751,0.797,0.984,0.92,0.825,1.073,1.341,1.428,1.441,1.757,1.746,1.865,1.952,2.154,2.29246,2.20846,2.58622,2.743958,3.108026,3.240089,3.657877,3.917444,3.909135,4.959379,5.85162,6.640246,6.694972,7.57437724,7.245611302
        Netherlands,net consumption,Europe,59.916,59.286,58.135,59.221,61.157,62.092,63.019,65.874,69.319,71.557,72.882,75.948,78.124,79.544653,82.263,84.141,87.217,89.31408,92.532,94.932,99.12144,101.21154,102.47842,103.88422,108.3549,108.32572,109.85752,112.22736,112.91308,107.84018,113.644574,114.93244,112.999435,112.388697,110.229709,111.085837,111.029976,111.808284,114.9065002,114.8093933,111.0098886,113.2784676
        Netherlands Antilles,net consumption,Central & South America,0.893,0.902,1.039,1.066,0.982,0.944,0.804,0.538,0.546,0.581,0.631,0.641,0.692,0.745,0.8,0.83,0.869,0.868,0.919,0.917,0.939,0.896,0.901,0.951,0.973,1.003,0.98,1.00964,0.99848,1.07712,1.040571,1.063451,0.747551,0.71036,0.74244,0.76678,0.7384,0.753008,0.743366,0.745467,0.692541736,0.764007905
        New Caledonia,net consumption,Asia & Oceania,1.23132,1.09368,0.85374,0.65565,0.81654,0.99975,0.9858,0.88629,1.05648,1.06671,1.02114,1.03602,1.03974,1.03974,1.13646,1.46475,1.31595,1.3485,1.40895,1.43778,1.544,1.6218,1.6378,1.6475,1.572828391,1.7681,1.7559,1.808,1.7122,1.7662,1.9503,2.0854,2.1037,2.317729,2.79372,2.693606,2.868539,2.99334,2.930038,3.0774,3.0804,3.296477019
        New Zealand,net consumption,Asia & Oceania,20.16710272,20.42285272,21.59922772,23.30465522,24.36195922,24.8020884,25.9444226,26.0751692,27.44064897,27.42026893,29.44497865,30.39158866,29.89547366,31.28643272,31.87583946,33.02829407,33.32514234,33.63554819,34.00238546,34.0733764,35.15562783,35.31635501,36.46736231,36.63347775,38.53333901,38.54792891,39.05189275,39.39177712,39.2620514,39.17790987,40.4687909,40.26868576,40.14682659,39.46374479,39.80060463,40.43637063,39.96402029,40.36681044,40.47885383,40.81904293,40.22592118,40.51547044
        Nicaragua,net consumption,Central & South America,0.901,0.956,0.994,1.091,1.108,1.063,0.935,1.207,1.161,1.289,1.306,1.122,1.183,1.163,1.133,1.185,1.275,1.423,1.456,1.563,1.5261,1.5882,1.9233,1.7803,1.8833,2.19973,2.29869,2.14657,2.40272,2.7233,2.541,2.69086,2.9607,3.099316,3.27795,3.370065,3.61446,3.729579,3.763985,3.808866,4.442050124,4.929996152
        Niger,net consumption,Africa,0.20146,0.24648,0.24746,0.2712,0.24804,0.26292,0.29278,0.31564,0.3215,0.32729,0.33394,0.32843,0.33229,0.33157,0.32534,0.31927,0.33299,0.3262,0.34148,0.28206,0.343,0.338,0.352,0.363,0.424,0.49,0.524,0.559,0.582,0.657,0.7076,0.79048,0.86106,0.87066,0.96466,1.07938,1.15874,1.175503,1.234902,1.347536,1.204987,1.27920845
        Nigeria,net consumption,Africa,4.685,5.685,5.949,6.061,6.044,6.446,8.325,7.251,7.278,8.345,8.027,8.189,8.425,8.273,7.996,7.908,7.631,7.884,8.554,8.36,11.177,11.727,16.337,15.281,18.362,17.82,17.427,18.47694,16.97566,15.86312,20.96918,21.66594,22.99418,23.12258,25.7719,25.83497,26.52901,27.955155,26.8517,26.681401,24.86996293,26.595583
        Niue,net consumption,Asia & Oceania,0.00186,0.00279,0.00279,0.00279,0.00279,0.00279,0.00279,0.00279,0.00279,0.00279,0.00279,0.00279,0.00279,0.00279,0.00279,0.00279,0.00279,0.00279,0.00279,0.00279,0.00279,0.00279,0.00279,0.00279,0.00279,0.00279,0.002676,0.002677,0.00269,0.00287,0.002788889,0.002780556,0.002777778,0.002777778,0.002788889,0.002777778,0.00276,0.00276,0.0026,0.0026,0.00308,0.003307615
        North Korea,net consumption,Asia & Oceania,20.2,20.768,22.733,22.887,25.827,28.608,30.08,30.698,32.428,32.566,32.885,32.837,23.968,23.419,23.23,23.084,21.082,19.025,18.174,15.147,15.68,16.325,15.99558,17.00626,17.80756,18.57464,18.17564,17.49402,18.84982,17.46556,17.95156,15.95384,15.92224,15.23548,14.86486,11.39718,14.03284,12.33334,12.76944,11.27962,12.70086662,12.10801386
        North Macedonia,net consumption,Europe,-20,-20,-20,-20,-20,-20,-20,-20,-20,-20,-20,-20,5.523,4.899,5.027,5.103,5.456,5.558,5.811,5.44,5.54954,5.29284,5.31796,6.04816,6.1399,6.60982,6.78346,7.14072,7.26374,6.73252,7.08726,7.7135,7.31192,7.08494,7.00808,6.756922,6.32001,6.222653,6.2106788,6.3507704,6.3892705,6.732141077
        Northern Mariana Islands,net consumption,Asia & Oceania,,,,,,,,,,,,,,,,,,,,,,,,,,,,,,,,,,,,,,,,,,ie
        Norway,net consumption,Europe,75.112,78.076,78.1,83.115,89.195,91.946,90.684,93.863,94.846,95.189,97.448,99.716,100.21885,101.586,102.558,104.516,103.945,104.129,110.537,110.449,112.97648,115.49142,109.59382,103.7594,109.15352,113.3512,110.46378,113.95484,115.65264,112.50728,120.145139,114.889083,118.688001,119.567004,117.052003,120.062,121.910002,123.252004,125.9534847,123.7427674,124.5268162,130.8432097
        Oman,net consumption,Middle East,0.798,0.95,1.337,1.59,2.023,2.426,3.02,3.247,3.697,3.956,3.696,3.803,4.173,4.772,5.039,5.218,5.454,5.832,6.402,6.446,6.715,7.301,7.603,7.827,8.675,9.08,10.466,10.37698,12.00926,13.41362,15.60286,17.71956,20.10598,21.7956,24.21132,27.62652,28.92932,30.65744,31.79716,32.48802,30.59803977,32.7798173
        Pakistan,net consumption,Asia & Oceania,10.157,11.417,15.41,16.977,19.074,21.82,23.855,26.011,29.904,31.801,30.54,31.409,35.409,33.573242,39.864,38.852582,38.402,42.557,40.043,44.938,46.854,49.98,52.402,57.185,60.215,67.265,72.574,72.23,68.559,73.529,79.436,79.049,82.098,88.421295,90.143952,95.57,100.566,111.02,123.6062,119.153,119.390716,132.3234316
        Palestinian Territories,net consumption,Middle East,-20,-20,-20,-20,-20,-20,-20,-20,-20,-20,-20,-20,-20,-20,-20,-20,-20,1.031,1.683,1.523,1.983,1.8244,2.124,2.2639,2.43,2.7266,2.8005,2.931,3.4915,3.5563,3.9092,3.8653,4.806,4.71086,4.62178,5.1854,5.26,5.35877,5.554376,6.174616,5.964990567,6.23388887
        Panama,net consumption,Central & South America,1.507,1.69,1.821,1.967,1.944,2.049,2.226,2.34,2.272,2.104,2.214,2.34,2.295,2.528,2.561,2.88,3.351,3.172,2.77,3.429,3.782,3.804,4.024,4.171,4.579,4.739,4.920393,5.30045244,5.53672,5.68537,6.10298,6.54294,7.14266,7.48186,7.13192,7.84462,8.1085,8.87577,8.906429,8.72038,9.394642,9.488975158
        Papua New Guinea,net consumption,Asia & Oceania,1.10577,1.08624,1.1532,1.27224,1.31688,1.37082,1.48614,1.5903,1.54566,1.57263,1.58565,1.58565,1.58565,1.58565,1.5903,1.41639,1.58286,1.45452,1.93905,1.75119,1.965,2.422,2.607,2.897,2.934,2.7705,2.7975,2.8155,2.6935,2.9625,2.9815,3.1165,3.1865,3.355892,3.503792,3.715329556,3.937559778,3.926733,4.112638,4.136722222,4.345555556,4.563458391
        Paraguay,net consumption,Central & South America,0.721,0.815,0.832,0.861,1.032,1.386,1.846,2.683,2.83,2.76,2.345,2.576,2.521,2.574,2.753,3.263,3.967,3.549,3.822,3.947,4.183,4.284,4.406,4.206333333,4.21,4.499,4.90263,5.324,5.70708,6.238,6.77794,7.49694,8.12482,9.17182,10.06564,10.61594,11.06694,11.59458,12.52826,12.85444,14.27648,7.677260571
        Peru,net consumption,Central & South America,8.65744,9.3534,10.10706,9.68822,10.45504,10.74408,11.40754,12.09052,11.5199,11.58286,11.307,12.31,10.535,11.808,11.231,13.429,14.056,14.653,15.767,16.339,17.25005,18.18605,19.30205,20.17105,21.48805,22.95105,24.17505,26.60005,29.35805,28.91405,30.53261,35.22945,35.04084,37.08566,38.4352,40.86402,44.31434,46.939866,48.737489,50.214224,46.444669,51.762119
        Philippines,net consumption,Asia & Oceania,16.765,15.349,15.988,16.865,16.944,18.07,17.677,16.446,18.356,20.858,21.459,20.698,19.03,19.884,24.575,26.485,29.12,31.569,34.025,33.741,37.315,39.504,40.555,43.864,46.419,47.371,47.6200188,49.472,50.630109,51.833691,56.9158,61.451,64.515,67.498,69.79,74.921,82.534,86.120858,90.772213,96.088512,92.733096,98.46767231
        Poland,net consumption,Europe,101.019,95.575,96.655,102.171,106.52,110.962,116.002,121.1,123.521,123.086,114.361,107.914,103.209,104.181,105.022,107.654,111.29922,113.58,113.445,111.397,113.00534,113.30704,111.56592,115.57462,118.9993,119.644158,125.712265,129.299852,132.251356,127.555486,130.15379,133.155458,129.291424,133.268691,134.189713,137.874268,144.484086,147.072108,151.9292871,150.8425083,147.7011698,158.1944616
        Portugal,net consumption,Europe,14.906,15.058,15.973,16.887,17.319,18.436,19.341,20.358,20.466,23.065,23.965,25.189,25.92,26.271,27.389,29.226,30.754,32.48895,34.302,36.159,38.56018,40.25568,41.61664,43.4106,45.0873,46.31462,48.03012,49.09648,48.67142,48.32542,51.06156,49.573619,47.513047,46.739815,46.552783,47.319549,47.819042,48.125497,49.3271795,49.1050443,47.7378714,47.7430319
        Puerto Rico,net consumption,Central & South America,12.36993,12.14394,10.33602,10.53318,10.95819,10.77498,11.26137,12.03792,12.60336,12.52245,13.24908039,13.82033382,14.36463306,15.0462096,15.65602734,16.18863276,16.62746442,17.43110067,17.86750503,18.69666792,20.50419,20.96388,21.784464,22.500762,22.686888,23.4645763,22.340216,20.826816,19.528184,19.33049,19.50116,18.682356,19.864646,19.207408,19.151992,19.160401,19.72322,15.708716,16.465048,16.133822,16.02256,17.12121736
        Qatar,net consumption,Middle East,2.033,2.303,2.611,2.825,3.049,3.497,3.846,3.939,3.909,4.137,4.279,4.112,4.564,4.871,5.105,5.155,5.789,6.044,7.112,7.807,7.953,8.66,9.52,10.454,11.523,12.513,14.841,16.906,18.789,21.192,24.68836,26.9722,30.54278,30.508671,34.137986,36.659566,37.367944,40.264064,42.395584,44.234984,41.87980478,44.61817631
        Reunion,net consumption,Africa,0.31527,0.35805,0.39804,0.45105,0.47337,0.51429,0.56079,0.62124,0.68727,0.73005,0.81747,0.88536,0.9765,0.98766,0.99882,1.07136,1.12995,1.3113,1.39407,1.39779,1.80513,1.95114,1.93068,2.01345,2.22177,2.32407,2.35662,2.40498,2.49984,2.58447,2.6505,2.69049,0,0,0,0,0,0,0,0,0,0
        Romania,net consumption,Europe,59.543,62.258,62.039,63.398,65.926,67.505,71.794,71.281,74.159,75.104,64.647,53.477,50.139,49.034,48.186,50.154,51.684,48.270215,45.158,41.389,42.354,43.107,42.639,45.562,46.748,47.76,48.882,49.763542,50.264,45.423,48.34224,49.76878,48.91808,46.71562,48.14312,46.906554,47.641488,49.091003,50.0582416,49.874945,48.2394141,50.52736748
        Russia,net consumption,Eurasia,-20,-20,-20,-20,-20,-20,-20,-20,-20,-20,-20,-20,864.351,807.823,701.881,712.081,700.221,689.786,675.259,688.434,717.253,721.016,730.411,744.126,765.242,776.05376,818.24968,842.49394,857.29781,817.8665,860.18224,870.92041,890.80348,882.92126,892.8323,891.82394,911.41306,920.425948,931.11845,945.36056,940.046104,996.4429162
        Rwanda,net consumption,Africa,0.15681,0.15351,0.15348,0.15222,0.16252,0.17045,0.16129,0.17224,0.17603,0.18175,0.16617,0.17231,0.17082,0.15501,0.1598,0.15966,0.15092,0.16952,0.22152,0.18083,0.155,0.15825,0.1676875,0.178,0.154,0.144,0.157,0.1752,0.1922,0.2242,0.27782,0.30438,0.3254,0.37748,0.4572,0.5383,0.59426,0.703556,0.797937,0.874086,0.748812,0.692177964
        Saint Helena,net consumption,Africa,0.00186,0.00186,0.00186,0.00186,0.00186,0.00186,0.00279,0.00372,0.00372,0.00465,0.00465,0.00465,0.00465,0.00465,0.00558,0.00558,0.00558,0.00558,0.00558,0.00465,0.00444,0.00442,0.0044,0.00638,0.00736,0.00735,0.00734,0.0072,0.00738,0.0076,0.0073,0.0072,0.0083,0.007459,0.00630916,0.00550904,0.00572524,0.0062413,0.00642038,0.00680866,0.006707,0.007244152
        Saint Kitts and Nevis,net consumption,Central & South America,0.03162,0.03162,0.03255,0.03069,0.03069,0.03069,0.03069,0.03162,0.03255,0.03255,0.05673,0.07347,0.07347,0.06045,0.0651,0.07068,0.07161,0.07905,0.08091,0.08556,0.07,0.068,0.075,0.09,0.093,0.093,0.095,0.122,0.133,0.1348,0.1405,0.1494,0.1612,0.167,0.16734,0.171374,0.175886,0.16774,0.17374,0.17374,0.163241562,0.175865022
        Saint Lucia,net consumption,Central & South America,0.05022,0.05394,0.05301,0.05952,0.05952,0.06324,0.0651,0.06975,0.09021,0.09021,0.09114,0.09207,0.13299372,0.14899158,0.15794934,0.1718454,0.17312043,0.18633294,0.20620704,0.22396539,0.22954,0.238747,0.23417,0.245944,0.259928,0.271197,0.277614,0.290256,0.295095,0.307611,0.322,0.324766,0.324848,0.326309,0.32329114,0.32955992,0.33981114,0.35013,0.35311932,0.3234157,0.305884021,0.326964342
        Saint Pierre and Miquelon,net consumption,North America,0.01488,0.0186,0.02232,0.02232,0.0279,0.03069,0.03255,0.03348,0.03534,0.03906,0.0372,0.03906,0.03906,0.0372,0.03813,0.03627,0.03627,0.03627,0.0372,0.0372,0.037,0.036521,0.04428,0.04629,0.04284,0.03795,0.03793,0.03761,0.03998,0.0389,0.04187,0.043,0.04414,0.04412,0.0453678,0.04347194,0.04383368,0.0449992,0.04644686,0.04820032,0.050406,0.053198517
        Saint Vincent/Grenadines,net consumption,Central & South America,0.02418,0.02511,0.0279,0.0279,0.03162,0.03534,0.0372,0.03999,0.04371,0.04464,0.04557,0.04743,0.05115,0.0558,0.05673,0.06417,0.06789,0.07068,0.07533,0.07533,0.0784,0.0837,0.0866,0.0932,0.1036,0.114738,0.116461,0.12333164,0.120764,0.121258,0.126202,0.121881,0.122791,0.125441,0.12423186,0.1294715,0.13429614,0.13297602,0.1314264,0.1372,0.147135628,0.154165575
        Samoa,net consumption,Asia & Oceania,0.03441,0.03441,0.03906,0.03534,0.03627,0.0372,0.03999,0.04092,0.04092,0.04464,0.04464,0.04464,0.05394,0.05394,0.05766,0.06138,0.06882,0.07161,0.08184,0.08835,0.082,0.0989,0.1125,0.1025,0.0901,0.0914,0.0926,0.0954,0.1011,0.102,0.1011,0.1091,0.0926,0.092,0.1072,0.11573,0.126684,0.13277,0.139494,0.14183,0.15546,0.162506587
        Sao Tome and Principe,net consumption,Africa,0.00837,0.00837,0.01023,0.01023,0.01395,0.01395,0.01302,0.01395,0.01395,0.01395,0.01395,0.01395,0.01395,0.01395,0.01674,0.01767,0.0186,0.01953,0.02046,0.02418,0.0202,0.0161,0.0205,0.0209,0.0232,0.0261,0.027,0.03,0.0315,0.0345,0.0387,0.0404,0.045,0.051,0.0574,0.0659,0.0703,0.073,0.0752,0.078,0.0832,0.088663497
        Saudi Arabia,net consumption,Middle East,19.103,23.18,29.179,31.986,37.907,40.281,46.901,47.388,52.26,57.133,60.914,64.338,67.819,75.432,85.163,91.889,94.551,99.521,108.244,107.131,109.489,118.078,123.405,136.818,137.355,146.978,156.75,163.413,174.236,186.092,204.27298,211.49538,247.55902,263.96886,295.08274,312.08536,318.60396,323.06642,330.59566,331.5737,308.3425776,329.0072713
        Senegal,net consumption,Africa,0.494,0.525,0.529,0.505,0.534,0.579,0.588,0.471,0.45,0.616,0.737,0.752,0.826,0.815,0.886,0.889,0.911,0.998,1.067,1.051,0.841,1.047,1.265,1.1,1.248,1.508,1.658,1.96248,1.737,2.41186,2.56758,2.62734,2.89048,3.01644,3.35656,3.58364,3.86114,4.133364,4.310971,4.82698,4.917902475,5.299708528
        Serbia,net consumption,Europe,-20,-20,-20,-20,-20,-20,-20,-20,-20,-20,-20,-20,-20,-20,-20,-20,-20,-20,-20,-20,-20,-20,-20,-20,-20,-20,28.068,28.72022,28.93598,28.28732,29.08208,29.76958,29.00426,28.99582,28.10828,28.454154,28.859205,29.380551,29.2972363,29.3250308,29.2926642,31.08700068
        Seychelles,net consumption,Africa,0.04371,0.04743,0.04929,0.05208,0.05208,0.05766,0.05766,0.0651,0.07254,0.0744,0.08835,0.093,0.09579,0.1023,0.10974,0.11253,0.11625,0.12927,0.13857,0.15066,0.178,0.18,0.205,0.21,0.212,0.217,0.237,0.255,0.253,0.259,0.283,0.377,0.39,0.409,0.41925,0.435572,0.46631,0.453402,0.45858,0.505894,0.5662,0.6131768
        Sierra Leone,net consumption,Africa,0.17484,0.19716,0.20832,0.21204,0.22599,0.15345,0.13764,0.13671,0.14973,0.19437,0.19623,0.20088,0.20088,0.20367,0.20739,0.0837,0.12555,0.0837,0.09579,0.06324,0.089,0.131,0.148,0.135,0.112,0.078,0.039,0.057,0.058,0.06,0.163,0.172,0.173,0.16,0.181844,0.196022,0.209584,0.128866,0.182672,0.130708,0.12981017,0.130889733
        Singapore,net consumption,Asia & Oceania,6.07,6.514,6.893,7.593,8.242,8.746,9.398,10.541,11.644,12.369,14.035,15.191,16.348,17.576,19.215,20.546,21.613,24.133,25.495,26.483,27.853,30.063,31.256,32.255,33.391,35.644,36.967,38.458,39.202,39.142,40.77408,42.50176,43.6635,44.55018,45.95226,46.97116,48.11466,49.058672,49.956021,51.182545,50.367609,52.91064061
        Slovakia,net consumption,Europe,-20,-20,-20,-20,-20,-20,-20,-20,-20,-20,-20,-20,-20,23.4265,23.9585,24.362,26.252,25.266,25.306,24.501,24.85558,25.14924,25.38422,25.20378,25.75062,24.3567,25.43634,26.382,26.42378,24.85788,25.113489,25.83218,24.975069,26.015999,25.19853,25.526914,26.12642,27.15571,27.0274711,26.246413,25.1938628,26.1033634
        Slovenia,net consumption,Europe,-20,-20,-20,-20,-20,-20,-20,-20,-20,-20,-20,-20,9.069,8.859,9.812,9.666,9.572,9.966,10.284,10.478,10.98846,11.35354,12.12664,12.51132,12.97348,13.19588,13.65646,13.7473532,13.2981,11.777545,12.093544,12.649656,12.577595,12.625558,12.599574,12.934633,13.15711,13.656989,13.838658,13.9000331,13.1468176,13.7271202
        Solomon Islands,net consumption,Asia & Oceania,0.0186,0.02232,0.02232,0.02232,0.02418,0.02511,0.02604,0.02604,0.02604,0.02604,0.0279,0.0279,0.0279,0.0279,0.0279,0.03069,0.03534,0.03906,0.04371,0.04836,0.058,0.059,0.06,0.059,0.059,0.07,0.072,0.082,0.082,0.082,0.084,0.086,0.082,0.088076,0.091476,0.094519,0.102122,0.092222,0.090895,0.09077126,0.090845,0.096444086
        Somalia,net consumption,Africa,0.10509,0.06975,0.0744,0.093,0.12276,0.19344,0.22134,0.2232,0.22506,0.22599,0.22878,0.23157,0.23157,0.23436,0.23715,0.23808,0.24087,0.24087,0.2418,0.24273,0.235,0.234,0.247,0.249,0.249,0.249,0.252,0.261,0.271,0.273,0.275,0.277,0.28915,0.29715,0.29709,0.29802,0.2988,0.30022,0.32995,0.32995,0.36498,0.392563143
        South Africa,net consumption,Africa,85.519,98.892,103.266,104.497,119.026,124.624,132.13,134.021,140.348,144.62,144.692,146.26,143.58,148.02,154.1,161.668,165.373,172.357,172.043,173.851,180.68386,180.28928,190.0491,194.55068,198.1947,203.14504,209.7711,220.39707,213.62507,204.60377,215.04142,218.38128,212.61604,211.54978,211.94895,209.37104,207.07929,208.27538,208.20456,204.91374,190.41096,191.4408006
        South Korea,net consumption,Asia & Oceania,32.064,34.657,36.97,41.587,46.327,50.146,55.935,63.546,73.367,81.014,94.492,107.473,118.985,126.06542,163.29574,180.03793,199.95062,218.276237,212.458,212.019,259.54233,279.25456,296.4001,312.89178,332.92648,350.19378,364.48528,387.02124,402.89236,409.23182,458.783746,481.907834,492.878837,497.599475,504.727892,505.535225,516.627693,520.97747,542.9004483,534.2725603,531.7351135,567.6724331
        South Sudan,net consumption,Africa,-20,-20,-20,-20,-20,-20,-20,-20,-20,-20,-20,-20,-20,-20,-20,-20,-20,-20,-20,-20,-20,-20,-20,-20,-20,-20,-20,-20,-20,-20,-20,-20,0.39242,0.4168,0.43084,0.51644,0.46686,0.485918,0.533194,0.541286,0.513262,0.54690729
        Spain,net consumption,Europe,97.231,99.205,99.595,104.163,108.653,111.865,114.255,114.291,115.046,125.859,129.219,131.902,133.969,133.844,139.597,145.402,150.65,162.581,168.488,180.703,193.91716,206.60256,212.10284,222.9205,232.26668,241.63076,251.56151,255.24199,258.78754,245.71838,251.500892,248.817998,245.509489,237.070861,234.45356,239.498544,241.446785,247.677537,247.4013205,243.9651788,228.8366163,233.9770099
        Sri Lanka,net consumption,Asia & Oceania,1.398,1.5,1.686,1.744,1.854,2.044,2.215,2.23,2.344,2.336,2.593,2.718,2.577,3.223,3.553,3.87,3.646,4.109,4.481,4.746,4.985,5.25,5.489,5.975,6.524,7.434,6.863,7.9449,8.129,8.175,8.95416,9.78124,10.16774,10.46356,10.54444,11.80048,12.69362,13.85705,13.55025,14.502276,14.08386626,14.85574145
        Sudan,net consumption,Africa,0.58,0.782,0.83,0.878,1.053,1.09,1.128,1.137,1.022,1,1.239,1.217,1.251,1.223,1.289,1.297,1.342,1.282,1.421,1.968,2.259,1.964,2.346,2.532,2.504,3.019,3.413,3.7638,4.19042,4.992,6.04718,6.65872,7.53598,7.86686,8.76622,9.94638,11.07332,12.0873,12.87685,13.060233,13.27127864,13.24149591
        Suriname,net consumption,Central & South America,1.446,1.254,1.231,1.003,1.041,1.116,1.105,0.623,0.822,1.251,1.41,1.564,1.607,1.63,1.65,1.474,1.289,1.295,1.303,1.32,1.292,1.305,1.31,1.324,1.33,1.381,1.425,1.423,1.4089,1.4094,1.53436,1.71081,1.79072,2.04061,2.17763,1.829837111,2.130681,2.550161,2.272961,2.324708,2.282095038,2.370408283
        Sweden,net consumption,Europe,86.436,89.64,92.349,102.763,111.686,121.77,121.334,129.113,130.31,131.254,130.235,132.002,129.713,130.16,129.062,131.873,131.4086,131.792,132.67,132.392,135.15614,137.73874,135.6542,133.07658,135.38929,135.48029,135.60741,135.92044,133.41521,128.30426,137.256154,129.411058,132.516952,129.519072,127.258633,129.694994,132.513653,132.484364,132.3395413,128.6438537,125.5921563,130.7561128
        Switzerland,net consumption,Europe,34.615,35.71,36.258,37.462,39.017,40.349,41.468,42.852,44.173,46.366,46.815,47.94,48.24,47.782,48.229,49.073,48.918,48.92457,49.622,49.78,50.02196,51.41242,51.76598,52.9348,53.97618,55.27757,55.65783,55.15804,56.52986,55.2259,57.480367,56.578672,56.690307,57.029035,55.095366,55.903907,56.112644,56.394007,55.2878937,54.8775489,56.2586887,57.6972307
        Syria,net consumption,Middle East,2.953,3.543,4.659,6.317,7.244,7.685,7.561,7.247,5.354,5.753,5.268,5.11,4.259,4.918,5.791,9.829,11.206,11.556,13.814,14.337,16.158,17.785,19.549,20.938,23.232,25.656,27.305,28.50716,29.92976,31.51548,33.58574,30.37638,26.27354,18.02066,15.45202,12.90486,13.25762,13.038812,12.808595,12.565294,11.79648854,12.75392781
        Taiwan,net consumption,Asia & Oceania,39.227,38.709,40.77646397,45.19503081,48.96795165,51.43489763,57.66913267,63.2984257,70.4060419,76.99741186,82.63909459,91.25075146,97.37764173,106.0288355,113.4668641,120.9684657,128.7572367,138.0836817,148.9094065,155.9019961,171.93661,175.4792084,185.3728714,195.3109895,205.3701945,213.8776071,221.3045935,229.0773278,225.7812575,216.6057582,233.790852,238.5170418,237.7819377,241.5117774,247.3343745,246.269679,251.6314607,257.2510139,262.1894571,261.2194853,266.5533494,278.146543
        Tajikistan,net consumption,Eurasia,-20,-20,-20,-20,-20,-20,-20,-20,-20,-20,-20,-20,16.213,14.165,13.783,13.655,13.401,12.899,12.772,13.118,13.29,13.235,14.137,13.817,14.223,14.425,14.632,14.471,14.88,13.916,14.0849,13.77772,13.69456,13.46936,11.8934,12.97528,12.959,13.68914,14.21318,15.26358,15.6938,15.67030669
        Tanzania,net consumption,Africa,1.1,1.149,1.139,1.147,1.141,1.122,1.077,1.083,1.118,1.237,1.367,1.479,1.415,1.399,1.33,1.558,1.796,1.576,2.213,1.812,1.939,2.109,2.435,2.49,2.551,2.958,2.557,3.264,3.481,3.036,4.16712,3.90724,4.4902,4.69572,5.01266,5.5079,5.95912,5.97872,6.39166,6.6547,7.009382814,7.193058291
        Thailand,net consumption,Asia & Oceania,12.916,13.633,14.861,17.422,19.343,20.955,22.82050232,25.7992451,29.14380745,33.77644165,39.5585723,42.5559783,48.43252179,55.21378799,61.07837534,69.74728867,76.34413984,75.91274728,75.90251257,79.38613503,84.7560816,89.02788243,96.29158028,102.6883511,110.238387,116.1467796,122.6246755,126.7970369,129.2471697,129.560325,146.1125051,145.7597714,156.2629147,161.0410532,162.5983873,167.097483,183.9341023,193.1964227,194.7743274,199.9904776,193.2048932,202.5913037
        The Bahamas,net consumption,Central & South America,0.74307,0.66402,0.70866,0.76167,0.75702,0.78678,0.79143,0.79329,0.79515,0.8091,0.83049,0.99231,1.01835,1.06392,1.11693,1.09647,1.12809,1.19226,1.29549,1.36152,1.565,1.626,1.716,1.81,1.794703,1.8944,1.927583,2.045213,2.05,1.945,1.8895,1.9316,1.7869,1.774,1.809,1.88,1.85,1.870067,1.99491231,1.95624849,1.847366495,1.97622619
        Timor-Leste,net consumption,Asia & Oceania,-20,-20,-20,-20,-20,-20,-20,-20,-20,-20,-20,-20,-20,-20,-20,-20,-20,-20,-20,-20,-20,-20,-20,0.053,0.053,0.055,0.058,0.0738,0.088514,0.105701,0.10861,0.1121,0.101,0.236,0.28,0.2763,0.3346,0.3441,0.362455,0.414247,0.404594,0.430617159
        Togo,net consumption,Africa,0.212,0.236,0.264,0.252,0.252,0.301,0.311,0.341,0.349,0.383,0.403,0.453,0.469,0.595,0.518,0.622,0.601,0.509,0.68,0.663,0.416,0.4164,0.4003,0.4282,0.5007,0.521,0.5067,0.53436,0.568,0.6153,0.63548,0.65478,0.61978,0.68319,0.87382,1.04684,0.69184,1.2919,1.06282,1.454061,1.203150458,1.240065047
        Tonga,net consumption,Asia & Oceania,0.00837,0.01116,0.01116,0.01116,0.01116,0.01116,0.01116,0.01488,0.0186,0.01953,0.02139,0.02232,0.02325,0.02325,0.02511,0.02604,0.02976,0.03162,0.03255,0.03069,0.025,0.033,0.034,0.038,0.04,0.037,0.038,0.04,0.042,0.04288,0.04178,0.04141,0.04434,0.046075,0.04819622,0.04914408,0.05206558,0.054726,0.06099,0.062448,0.06794,0.07202576
        Trinidad and Tobago,net consumption,Central & South America,1.706,1.964,2.378,2.42,2.47,2.446,2.799,2.949,2.981,2.883,3.065,3.035,3.285,3.275,3.369,3.636,3.82,4.289,4.442,4.505,4.734,4.879,4.879,5.74,5.678,6.249,6.471,6.966,7.047,7.087,7.7149,8.00292,8.34532,8.70094,8.61292,8.7491,8.60216,8.490056,8.246993,8.213919,7.779031516,8.303561981
        Tunisia,net consumption,Africa,2.264,2.416,2.594,3.063,3.223,3.444,3.43,3.759,4.024,4.18,4.597,4.796,5.159,5.236,5.613,6.193,6.824,7.292,7.581,8.348,8.848,9.452,9.818,10.267,10.722,11.266,11.519,11.04312,11.52436,12.50544,13.09958,13.05348,14.02078,14.3137,14.9375,15.08776,15.31688,15.63152,15.8374,16.73774,15.24893591,16.47929688
        Turkiye,net consumption,Europe,21.839,22.488,24.896,26.154,29.634,32.566,31.728,35.019,40.373,40.19,47.84,50.465,55.517,60.457,62.8,68.403,75.28,82.75084,88.68671,91.635,98.58816,97.40202,102.5606,110.4469,120.05146,129.0268,141.48314,153.69508,160.4358,155.77937,185.008075,189.216353,192.167962,224.885851,187.323389,222.344453,256.727659,245.4128954,223.3553144,265.5560654,298.8749291,284.2542337
        Turkmenistan,net consumption,Eurasia,-20,-20,-20,-20,-20,-20,-20,-20,-20,-20,-20,-20,8.347,7.553,6.288,5.986,6.164,6.243,6.095,6.573,6.854,6.633,7.503,7.619,8.405,9.019,9.67,10.57938,10.58878,11.365,11.1244,11.4528,11.736,12.5088,13.425,15.09196,15.09196,15.092114,15.092154,15.092154,14.02169132,15.23232021
        Turks and Caicos Islands,net consumption,Central & South America,0.00465,0.00465,0.00465,0.00465,0.00465,0.00465,0.00465,0.00465,0.00465,0.0093,0.01767,0.02139,0.02418,0.0279,0.03162,0.03441,0.03348,0.04464,0.0465,0.0558,0.071,0.075,0.096,0.103,0.11,0.124,0.149,0.171,0.186,0.196,0.196,0.195,0.197,0.196,0.21338,0.22466,0.235,0.212164,0.23008,0.232618,0.2435,0.25976828
        Tuvalu,net consumption,Asia & Oceania,,,,,,,,,,,,,,,,,,,,,,,,,,,,,,,,,,,,,,,,,,
        U.S. Pacific Islands,net consumption,Asia & Oceania,0.12183,0.12648,0.12648,0.12927,0.1302,0.14415,0.14787,0.14694,0.15624,0.17484,0.17763,0.17949,0.14415,0.1488,0.15252,0.15531,0.15717,0.15624,0.15903,0.30132,0.341,0.348,0.355,0.354,0.36,0.365,0.386,0.394,0.394,0.397,0.529,0.531,0.528,0.534,0.542,0.55,0.515,0.509,0.519,0.48437,0.458091056,0.489689203
        U.S. Territories,net consumption,North America,,,,,,,,,,,,,,,,,,,,,,,,,,,,,,,,,,,,,,,,,,
        U.S. Virgin Islands,net consumption,Central & South America,0.69657,0.73563,0.74493,0.76539,0.76911,0.78678,0.80445,0.84165,0.84816,0.83049,0.85653,0.8742,0.89187,0.90954,0.92442,0.93651,0.94023,0.94395,0.94767,0.9486,0.935,0.878,0.888,0.888,0.897,0.784698,0.793765,0.800836,0.773568,0.804,0.756,0.72469,0.715801,0.667248,0.640179,0.632274,0.62233,0.45824,0.56,0.568,0.5978,0.6415072
        Uganda,net consumption,Africa,0.30062,0.3046,0.31059,0.26281,0.35688,0.37276,0.36792,0.39502,0.43405,0.52226,0.60238,0.609029,0.801539,0.785496,0.822045,0.856757,0.924368,1.04843,0.99838,0.99652,0.8,0.802,0.78,0.883,0.997,1.129,0.9275572,1.164,1.384632,1.468959,1.68461,1.71512,0.9744,1.58483,1.69085,1.97293,2.74468,2.56849,3.08835,2.88238,3.12197372,3.07311486
        Ukraine,net consumption,Eurasia,-20,-20,-20,-20,-20,-20,-20,-20,-20,-20,-20,-20,210.563,193.509,169.769,162.786,146.652,140.108,132.827,128.34,125.121,125.92,127.038,132.959,139.897,142.143,147.998,152.942861,152.487,138.804,152.5179,156.279,154.12248,151.73284,143.32786,133.6114,133.20646,123.70406,127.14508,123.35464,127.15727,134.2524318
        United Arab Emirates,net consumption,Middle East,5.456,5.309,7.724,8.823,9.445,10.615,11.149,11.883,12.911,13.27,14.519,14.628,14.73,14.567,15.602,21.21,22.56,24.871,29.595,34.015,36.196,37.484,40.683,42.935,45.511,53.299,58.63,69.16,72.085,77.606,82.517,87.06678,93.242,96.5841,102.326,111.857,114.463,118.211,119.98748,122.623,119.5158891,128.61007
        United Kingdom,net consumption,Europe,243.387,238.669,233.385,235.909,238.652,249.959,258.26,268.441,277.391,282.231,284.384,291.603,292.523,293.93,287.214,297.159,315.792,315.979,322.783,328.406,335.61762,338.5837,339.88031,342.71895,343.05598,351.07049,348.44823,345.0328,343.63429,323.73182,339.37752,328.282185,328.261434,327.229419,314.402287,320.635534,317.4593842,312.481032,313.6035513,309.2651075,295.0513947,287.3188985
        United States,net consumption,North America,2094.449,2147.102862,2086.441352,2150.954584,2285.796394,2323.973852,2368.753052,2457.272219,2578.062495,2755.66608,2837.118809,2886.099524,2897.24991,3000.747608,3080.941273,3164.023808,3253.834756,3301.927385,3425.184938,3483.819094,3592.473307,3557.247608,3631.817305,3662.224009,3716.191051,3811.346491,3817.37405,3890.977208,3867.360635,3725.345123,3889.289876,3886.633789,3838.802726,3876.510978,3914.50681,3914.299176,3921.110699,3888.305645,4032.628267,3989.378249,3897.894198,3979.279761
        Uruguay,net consumption,Central & South America,2.745,3.119,2.888,2.999,3.144,3.145,3.282,3.464,3.722,3.601,5.091,4.107,4.201,4.54,4.733,5.04,5.112,5.591,6.343,6.201,6.474,6.642,6.147,6.033,6.228,6.514,7.221,7.8858,8.37532,8.88368,9.50134,9.53848,9.86876,9.97776,10.33684,10.7926,11.39642,11.098889,11.768859,11.713604,11.780227,13.61377336
        Uzbekistan,net consumption,Eurasia,-20,-20,-20,-20,-20,-20,-20,-20,-20,-20,-20,-20,42.796,41.703,40.553,39.473,40.047,40.489,40.343,39.961,41.264,38.084,38.469,38.143,38.226,38.84,37.197,39.03,32.9016,36.8868,39.11402,40.37394,40.8123,41.573216,42.748766,44.243956,45.406223,47.59489,55.284857,57.56928,54.57145423,57.83014726
        Vanuatu,net consumption,Asia & Oceania,0.01767,0.0186,0.01953,0.02139,0.02232,0.02325,0.02325,0.02232,0.02232,0.02232,0.02232,0.02325,0.02511,0.02511,0.02511,0.02604,0.0279,0.03069,0.03255,0.03255,0.035,0.039457143,0.039,0.038,0.037,0.038,0.039,0.0424,0.04857,0.04857,0.05455,0.053688,0.057275,0.058625,0.05724558,0.05548172,0.06291496,0.06363426,0.06332036,0.06385674,0.060934231,0.065950234
        Venezuela,net consumption,Central & South America,26.837,32.284,32.123,35.139,37.229,39.397,39.753,42.965,47.087,46.132,46.928,49.451,53.23,54.594,55.203,56.17,57.842,59.848,61.171,59.932,62.505,64.958,64.035,65.411,70.369,72.298,78.014,79.89276,83.55364,83.766,87.8999,91.18454,93.8783,95.1281,56.78606,77.84168,70.02136,67.901917,65.258054,56.532821,70.47945808,71.04766385
        Vietnam,net consumption,Asia & Oceania,3.285,3.523,3.725,3.95,4.026,4.248,4.24,4.504,5.007,5.822,6.263,6.708,6.944,7.857,9.231,11.135,13.264,15.084,17.433,19.295,22.038,25.44,29.547,34.148,38.142,45.485,52.056,58.82036,66.1187,75.687,85.90512,94.1197,104.25082,107.12432,122.0132,144.73546,161.25212,176.08334,195.72484,212.91744,216.8802608,228.9733093
        Wake Island,net consumption,Asia & Oceania,0,0,0,0,0,0,0,0,0,0,0,0,0,0,0,0,0,0,0,0,0,0,0,0,0,0,0,0,0,0,0,0,0,0,0,0,0,0,0,0,0,0
        Western Sahara,net consumption,Africa,0.06696,0.06696,0.06789,0.06789,0.06789,0.06603,0.06882,0.07068,0.07161,0.07254,0.0744,0.0744,0.0744,0.0744,0.0744,0.07626,0.07626,0.07626,0.07626,0.0744,0.08,0.08,0.085,0.085,0.085,0.085,0.09,0.09,0.09,0.09,0,0,0,0,0,0,0,0,0,0,0,0
        Yemen,net consumption,Middle East,0.471,0.506,0.607,0.662,0.738,0.783,0.949,1.059,1.432,1.446,1.371,1.363,1.419,1.44,1.62,1.714,1.646,1.74,1.647,1.674,2.26,2.394,2.609,2.872,3.126,3.407,3.688,4.13338,4.64524,4.70036,5.4377,4.24376,4.32162,5.80594,5.27324,4.50032,3.35542,2.859879,2.574081,2.739926,2.647696194,2.931320206
        Zambia,net consumption,Africa,5.79,6.273,6.191,6.264,6.309,6.343,6.242,6.604,6.66,5.092,6.05,5.958,5.988,5.98,5.954,6.138,5.683,6.525,6.253,5.909,6.184,6.573,7.128,7.576,8.296,8.66,8.737,8.2652,7.5322,7.481,7.996304,8.808532,10.54892,11.082964,10.953504,11.692864,11.108963,12.502605,13.385809,12.27259773,11.795772,14.32075156
        Zimbabwe,net consumption,Africa,6.902,7.036,7.174,6.95,7.106,7.145,7.851,8.13,8.308,9.24,9.948,9.418,8.3,8.773,8.2,8.49,8.793,9.559,9.013,9.676,10.411,10.074,10.176,10.28,9.978,10.432,10.305,9.058,7.535,7.155,7.47868,7.91854,7.71248,8.0797,7.96012,7.63378,7.07994,7.838552,8.455186,7.786427,8.131026611,8.340104173
